algorithm,data_size_bytes,case_type,pattern_length,run_index,time_ns
naive,1000,random,15,1,91167
naive,1000,random,15,2,91661
naive,1000,random,15,3,90749
naive,1000,random,15,4,90487
naive,1000,random,15,5,90110
naive,1000,random,15,6,108845
naive,1000,random,15,7,208286
naive,1000,random,15,8,95320
naive,1000,random,15,9,104772
naive,1000,random,15,10,90064
naive,1000,random,15,11,90105
naive,1000,random,15,12,89185
naive,1000,random,15,13,89442
naive,1000,random,15,14,90823
naive,1000,random,15,15,90065
naive,1000,random,15,16,111056
naive,1000,random,15,17,89517
naive,1000,random,15,18,89926
naive,1000,random,15,19,90060
naive,1000,random,15,20,175186
naive,1000,random,15,21,91583
naive,1000,random,15,22,89075
naive,1000,random,15,23,90071
naive,1000,random,15,24,90437
naive,1000,random,15,25,89838
naive,1000,random,15,26,107522
naive,1000,random,15,27,138429
naive,1000,random,15,28,92125
naive,1000,random,15,29,89214
naive,1000,random,15,30,89528
naive,10000,best,15,1,675
naive,10000,best,15,2,1054
naive,10000,best,15,3,504
naive,10000,best,15,4,439
naive,10000,best,15,5,516
naive,10000,best,15,6,458
naive,10000,best,15,7,450
naive,10000,best,15,8,444
naive,10000,best,15,9,466
naive,10000,best,15,10,555
naive,10000,best,15,11,444
naive,10000,best,15,12,436
naive,10000,best,15,13,449
naive,10000,best,15,14,760
naive,10000,best,15,15,444
naive,10000,best,15,16,460
naive,10000,best,15,17,443
naive,10000,best,15,18,556
naive,10000,best,15,19,460
naive,10000,best,15,20,434
naive,10000,best,15,21,434
naive,10000,best,15,22,442
naive,10000,best,15,23,444
naive,10000,best,15,24,442
naive,10000,best,15,25,441
naive,10000,best,15,26,449
naive,10000,best,15,27,471
naive,10000,best,15,28,444
naive,10000,best,15,29,434
naive,10000,best,15,30,444
naive,1000,worst,15,1,169163
naive,1000,worst,15,2,146673
naive,1000,worst,15,3,147005
naive,1000,worst,15,4,145747
naive,1000,worst,15,5,145852
naive,1000,worst,15,6,146801
naive,1000,worst,15,7,146929
naive,1000,worst,15,8,156371
naive,1000,worst,15,9,147808
naive,1000,worst,15,10,147068
naive,1000,worst,15,11,147438
naive,1000,worst,15,12,146550
naive,1000,worst,15,13,147435
naive,1000,worst,15,14,160354
naive,1000,worst,15,15,225432
naive,1000,worst,15,16,148501
naive,1000,worst,15,17,144112
naive,1000,worst,15,18,143542
naive,1000,worst,15,19,143622
naive,1000,worst,15,20,141782
naive,1000,worst,15,21,154012
naive,1000,worst,15,22,594504
naive,1000,worst,15,23,149248
naive,1000,worst,15,24,159349
naive,1000,worst,15,25,142690
naive,1000,worst,15,26,4852697
naive,1000,worst,15,27,504942
naive,1000,worst,15,28,146611
naive,1000,worst,15,29,118548
naive,1000,worst,15,30,90941
naive,100000,best,15,1,1024
naive,100000,best,15,2,847
naive,100000,best,15,3,608
naive,100000,best,15,4,560
naive,100000,best,15,5,568
naive,100000,best,15,6,703
naive,100000,best,15,7,587
naive,100000,best,15,8,569
naive,100000,best,15,9,564
naive,100000,best,15,10,583
naive,100000,best,15,11,560
naive,100000,best,15,12,563
naive,100000,best,15,13,559
naive,100000,best,15,14,573
naive,100000,best,15,15,565
naive,100000,best,15,16,566
naive,100000,best,15,17,553
naive,100000,best,15,18,556
naive,100000,best,15,19,562
naive,100000,best,15,20,570
naive,100000,best,15,21,555
naive,100000,best,15,22,564
naive,100000,best,15,23,575
naive,100000,best,15,24,576
naive,100000,best,15,25,558
naive,100000,best,15,26,557
naive,100000,best,15,27,567
naive,100000,best,15,28,565
naive,100000,best,15,29,558
naive,100000,best,15,30,574
naive,1000,best,15,1,1185
naive,1000,best,15,2,1131
naive,1000,best,15,3,697
naive,1000,best,15,4,590
naive,1000,best,15,5,587
naive,1000,best,15,6,648
naive,1000,best,15,7,545
naive,1000,best,15,8,569
naive,1000,best,15,9,626
naive,1000,best,15,10,523
naive,1000,best,15,11,523
naive,1000,best,15,12,541
naive,1000,best,15,13,533
naive,1000,best,15,14,535
naive,1000,best,15,15,515
naive,1000,best,15,16,535
naive,1000,best,15,17,612
naive,1000,best,15,18,530
naive,1000,best,15,19,526
naive,1000,best,15,20,523
naive,1000,best,15,21,529
naive,1000,best,15,22,531
naive,1000,best,15,23,536
naive,1000,best,15,24,526
naive,1000,best,15,25,532
naive,1000,best,15,26,576
naive,1000,best,15,27,586
naive,1000,best,15,28,532
naive,1000,best,15,29,534
naive,1000,best,15,30,569
naive,10000,random,15,1,1739295
naive,10000,random,15,2,69450613
naive,10000,random,15,3,2212052
naive,10000,random,15,4,2278323
naive,10000,random,15,5,34456922
naive,10000,random,15,6,23450662
naive,10000,random,15,7,2875844
naive,10000,random,15,8,92608708
naive,10000,random,15,9,1153003
naive,10000,random,15,10,2119825
naive,10000,random,15,11,148184951
naive,10000,random,15,12,4008945
naive,10000,random,15,13,10925178
naive,10000,random,15,14,1863498
naive,10000,random,15,15,8021455
naive,10000,random,15,16,2079893
naive,10000,random,15,17,2084205
naive,10000,random,15,18,50189699
naive,10000,random,15,19,1395468
naive,10000,random,15,20,1384781
naive,10000,random,15,21,27025369
naive,10000,random,15,22,2061035
naive,10000,random,15,23,2012713
naive,10000,random,15,24,51479315
naive,10000,random,15,25,2203730
naive,10000,random,15,26,23858118
naive,10000,random,15,27,2008354
naive,10000,random,15,28,2105430
naive,10000,random,15,29,21850319
naive,10000,random,15,30,1680466
naive,10000,worst,15,1,21883275
naive,10000,worst,15,2,2017327
naive,10000,worst,15,3,1780461
naive,10000,worst,15,4,113747482
naive,10000,worst,15,5,206973522
naive,10000,worst,15,6,1707860
naive,10000,worst,15,7,1757344
naive,10000,worst,15,8,1897323
naive,10000,worst,15,9,79895710
naive,10000,worst,15,10,1880708
naive,10000,worst,15,11,1481413
naive,10000,worst,15,12,70054873
naive,10000,worst,15,13,1907337
naive,10000,worst,15,14,1890248
naive,10000,worst,15,15,18210068
naive,10000,worst,15,16,1567929
naive,10000,worst,15,17,2642603
naive,10000,worst,15,18,7433786
naive,10000,worst,15,19,1609513
naive,10000,worst,15,20,1319735
naive,10000,worst,15,21,104421287
naive,10000,worst,15,22,1264657
naive,10000,worst,15,23,1737534
naive,10000,worst,15,24,80474958
naive,10000,worst,15,25,2738109
naive,10000,worst,15,26,2255345
naive,10000,worst,15,27,60467231
naive,10000,worst,15,28,1883004
naive,10000,worst,15,29,39941969
naive,10000,worst,15,30,1502841
naive,1000000,best,15,1,1432
naive,1000000,best,15,2,907
naive,1000000,best,15,3,568
naive,1000000,best,15,4,603
naive,1000000,best,15,5,654
naive,1000000,best,15,6,776
naive,1000000,best,15,7,593
naive,1000000,best,15,8,717
naive,1000000,best,15,9,713
naive,1000000,best,15,10,664
naive,1000000,best,15,11,686
naive,1000000,best,15,12,639
naive,1000000,best,15,13,544
naive,1000000,best,15,14,622
naive,1000000,best,15,15,3930
naive,1000000,best,15,16,690
naive,1000000,best,15,17,548
naive,1000000,best,15,18,657
naive,1000000,best,15,19,641
naive,1000000,best,15,20,510
naive,1000000,best,15,21,550
naive,1000000,best,15,22,498
naive,1000000,best,15,23,499
naive,1000000,best,15,24,679
naive,1000000,best,15,25,575
naive,1000000,best,15,26,568
naive,1000000,best,15,27,576
naive,1000000,best,15,28,775
naive,1000000,best,15,29,618
naive,1000000,best,15,30,698
naive,100000,worst,15,1,56493975
naive,100000,worst,15,2,39609097
naive,100000,worst,15,3,81778836
naive,100000,worst,15,4,124144700
naive,100000,worst,15,5,135818231
naive,100000,worst,15,6,316459580
naive,100000,worst,15,7,155879688
naive,100000,worst,15,8,255665388
naive,100000,worst,15,9,74563036
naive,100000,worst,15,10,129499849
naive,100000,worst,15,11,35339768
naive,100000,worst,15,12,110256604
naive,100000,worst,15,13,84560319
naive,100000,worst,15,14,51353313
naive,100000,worst,15,15,106441844
naive,100000,worst,15,16,55347970
naive,100000,worst,15,17,121729423
naive,100000,worst,15,18,25411999
naive,100000,worst,15,19,93145779
naive,100000,worst,15,20,127345378
naive,100000,worst,15,21,94710841
naive,100000,worst,15,22,93366645
naive,100000,worst,15,23,455864468
naive,100000,worst,15,24,54164694
naive,100000,worst,15,25,66412881
naive,100000,worst,15,26,208344076
naive,100000,worst,15,27,31018379
naive,100000,worst,15,28,149213814
naive,100000,worst,15,29,243536149
naive,100000,worst,15,30,157375397
naive,100000,random,15,1,119570726
naive,100000,random,15,2,133266604
naive,100000,random,15,3,267669581
naive,100000,random,15,4,199370026
naive,100000,random,15,5,42817412
naive,100000,random,15,6,50628489
naive,100000,random,15,7,139334114
naive,100000,random,15,8,142080871
naive,100000,random,15,9,126144541
naive,100000,random,15,10,50766993
naive,100000,random,15,11,60810658
naive,100000,random,15,12,130357511
naive,100000,random,15,13,164227473
naive,100000,random,15,14,57607625
naive,100000,random,15,15,383903765
naive,100000,random,15,16,176687639
naive,100000,random,15,17,228109201
naive,100000,random,15,18,23038745
naive,100000,random,15,19,22281961
naive,100000,random,15,20,261752750
naive,100000,random,15,21,100323715
naive,100000,random,15,22,31296646
naive,100000,random,15,23,274198980
naive,100000,random,15,24,46819544
naive,100000,random,15,25,32045224
naive,100000,random,15,26,45801054
naive,100000,random,15,27,48175749
naive,100000,random,15,28,353944906
naive,100000,random,15,29,415135629
naive,100000,random,15,30,277312724
naive,10000000,best,15,1,885
naive,10000000,best,15,2,546
naive,10000000,best,15,3,542
naive,10000000,best,15,4,393
naive,10000000,best,15,5,409
naive,10000000,best,15,6,447
naive,10000000,best,15,7,402
naive,10000000,best,15,8,455
naive,10000000,best,15,9,362
naive,10000000,best,15,10,435
naive,10000000,best,15,11,381
naive,10000000,best,15,12,454
naive,10000000,best,15,13,361
naive,10000000,best,15,14,352
naive,10000000,best,15,15,398
naive,10000000,best,15,16,474
naive,10000000,best,15,17,372
naive,10000000,best,15,18,423
naive,10000000,best,15,19,390
naive,10000000,best,15,20,24261
naive,10000000,best,15,21,400
naive,10000000,best,15,22,367
naive,10000000,best,15,23,367
naive,10000000,best,15,24,408
naive,10000000,best,15,25,364
naive,10000000,best,15,26,430
naive,10000000,best,15,27,386
naive,10000000,best,15,28,370
naive,10000000,best,15,29,363
naive,10000000,best,15,30,352
naive,1000000,worst,15,1,935420582
naive,1000000,worst,15,2,1426751212
naive,1000000,worst,15,3,1096267868
naive,1000000,worst,15,4,1732616330
naive,1000000,worst,15,5,1810188201
naive,1000000,worst,15,6,1562915381
naive,1000000,worst,15,7,2003615312
naive,1000000,worst,15,8,1327910611
naive,1000000,worst,15,9,1123124574
naive,1000000,worst,15,10,1480094789
naive,1000000,worst,15,11,805720081
naive,1000000,worst,15,12,1371310997
naive,1000000,worst,15,13,2006095709
naive,1000000,worst,15,14,1272745886
naive,1000000,worst,15,15,1966882920
naive,1000000,worst,15,16,1423933190
naive,1000000,worst,15,17,922968008
naive,1000000,worst,15,18,1670211907
naive,1000000,worst,15,19,998540709
naive,1000000,worst,15,20,984321290
naive,1000000,worst,15,21,1343579884
naive,1000000,worst,15,22,1367855168
naive,1000000,worst,15,23,1755518122
naive,1000000,worst,15,24,1942649525
naive,1000000,worst,15,25,1350933052
naive,1000000,worst,15,26,1001454531
naive,1000000,worst,15,27,906974727
naive,1000000,worst,15,28,1846594540
naive,1000000,worst,15,29,893889635
naive,1000000,worst,15,30,1167091006
naive,1000000,random,15,1,1219478950
naive,1000000,random,15,2,1650796289
naive,1000000,random,15,3,2198294169
naive,1000000,random,15,4,1301970834
naive,1000000,random,15,5,1032815373
naive,1000000,random,15,6,1302307474
naive,1000000,random,15,7,1603969123
naive,1000000,random,15,8,1376241431
naive,1000000,random,15,9,1688122345
naive,1000000,random,15,10,772333998
naive,1000000,random,15,11,1064292413
naive,1000000,random,15,12,1424085147
naive,1000000,random,15,13,1364459795
naive,1000000,random,15,14,1877342555
naive,1000000,random,15,15,2077394915
naive,1000000,random,15,16,350634122
naive,1000000,random,15,17,822596280
naive,1000000,random,15,18,888284037
naive,1000000,random,15,19,1086464906
naive,1000000,random,15,20,1248132636
naive,1000000,random,15,21,1309568289
naive,1000000,random,15,22,1419124166
naive,1000000,random,15,23,1076166151
naive,1000000,random,15,24,1435103792
naive,1000000,random,15,25,1044002887
naive,1000000,random,15,26,1439426769
naive,1000000,random,15,27,1183371922
naive,1000000,random,15,28,1448473113
naive,1000000,random,15,29,1455833352
naive,1000000,random,15,30,2282566591
naive,100000000,best,15,1,2540
naive,100000000,best,15,2,1180
naive,100000000,best,15,3,741
naive,100000000,best,15,4,788
naive,100000000,best,15,5,691
naive,100000000,best,15,6,883
naive,100000000,best,15,7,719
naive,100000000,best,15,8,706
naive,100000000,best,15,9,938
naive,100000000,best,15,10,641
naive,100000000,best,15,11,813
naive,100000000,best,15,12,685
naive,100000000,best,15,13,811
naive,100000000,best,15,14,547
naive,100000000,best,15,15,713
naive,100000000,best,15,16,579
naive,100000000,best,15,17,701
naive,100000000,best,15,18,872
naive,100000000,best,15,19,740
naive,100000000,best,15,20,685
naive,100000000,best,15,21,797
naive,100000000,best,15,22,689
naive,100000000,best,15,23,777
naive,100000000,best,15,24,710
naive,100000000,best,15,25,797
naive,100000000,best,15,26,766
naive,100000000,best,15,27,777
naive,100000000,best,15,28,705
naive,100000000,best,15,29,904
naive,100000000,best,15,30,649
kmp,1000,best,15,1,5086
kmp,1000,best,15,2,4283
kmp,1000,best,15,3,4874
kmp,1000,best,15,4,4146
kmp,1000,best,15,5,4195
kmp,1000,best,15,6,4898
kmp,1000,best,15,7,4550
kmp,1000,best,15,8,5058
kmp,1000,best,15,9,5010
kmp,1000,best,15,10,5335
kmp,1000,best,15,11,5196
kmp,1000,best,15,12,4971
kmp,1000,best,15,13,4763
kmp,1000,best,15,14,5185
kmp,1000,best,15,15,4428
kmp,1000,best,15,16,5856
kmp,1000,best,15,17,4699
kmp,1000,best,15,18,4645
kmp,1000,best,15,19,4748
kmp,1000,best,15,20,4389
kmp,1000,best,15,21,4950
kmp,1000,best,15,22,4663
kmp,1000,best,15,23,3928
kmp,1000,best,15,24,4578
kmp,1000,best,15,25,4359
kmp,1000,best,15,26,4151
kmp,1000,best,15,27,4431
kmp,1000,best,15,28,4494
kmp,1000,best,15,29,4507
kmp,1000,best,15,30,4875
kmp,1000,worst,15,1,218620
kmp,1000,worst,15,2,219950
kmp,1000,worst,15,3,219225
kmp,1000,worst,15,4,321050
kmp,1000,worst,15,5,217603
kmp,1000,worst,15,6,1601538
kmp,1000,worst,15,7,258919
kmp,1000,worst,15,8,239814
kmp,1000,worst,15,9,239650
kmp,1000,worst,15,10,267894
kmp,1000,worst,15,11,216799
kmp,1000,worst,15,12,16065433
kmp,1000,worst,15,13,147037
kmp,1000,worst,15,14,135229
kmp,1000,worst,15,15,135946
kmp,1000,worst,15,16,158395
kmp,1000,worst,15,17,238916
kmp,1000,worst,15,18,200264
kmp,1000,worst,15,19,176379
kmp,1000,worst,15,20,180105
kmp,1000,worst,15,21,172853
kmp,1000,worst,15,22,162976
kmp,1000,worst,15,23,171942
kmp,1000,worst,15,24,140335
kmp,1000,worst,15,25,213547
kmp,1000,worst,15,26,282469
kmp,1000,worst,15,27,187021
kmp,1000,worst,15,28,186208
kmp,1000,worst,15,29,169854
kmp,1000,worst,15,30,144938
kmp,1000,random,15,1,178179
kmp,1000,random,15,2,151163
kmp,1000,random,15,3,167220
kmp,1000,random,15,4,161439
kmp,1000,random,15,5,151140
kmp,1000,random,15,6,148710
kmp,1000,random,15,7,165432
kmp,1000,random,15,8,155242
kmp,1000,random,15,9,152427
kmp,1000,random,15,10,154737
kmp,1000,random,15,11,151482
kmp,1000,random,15,12,151541
kmp,1000,random,15,13,151490
kmp,1000,random,15,14,476459
kmp,1000,random,15,15,158192
kmp,1000,random,15,16,146138
kmp,1000,random,15,17,137430
kmp,1000,random,15,18,155098
kmp,1000,random,15,19,139847
kmp,1000,random,15,20,132634
kmp,1000,random,15,21,160681
kmp,1000,random,15,22,122789
kmp,1000,random,15,23,124668
kmp,1000,random,15,24,118589
kmp,1000,random,15,25,125497
kmp,1000,random,15,26,139176
kmp,1000,random,15,27,71446936
kmp,1000,random,15,28,161132
kmp,1000,random,15,29,146050
kmp,1000,random,15,30,146055
kmp,10000,best,15,1,6064
kmp,10000,best,15,2,5815
kmp,10000,best,15,3,5581
kmp,10000,best,15,4,5462
kmp,10000,best,15,5,5471
kmp,10000,best,15,6,5563
kmp,10000,best,15,7,5547
kmp,10000,best,15,8,5452
kmp,10000,best,15,9,5486
kmp,10000,best,15,10,5767
kmp,10000,best,15,11,5478
kmp,10000,best,15,12,5939
kmp,10000,best,15,13,5474
kmp,10000,best,15,14,11771
kmp,10000,best,15,15,5651
kmp,10000,best,15,16,5566
kmp,10000,best,15,17,5468
kmp,10000,best,15,18,5492
kmp,10000,best,15,19,5515
kmp,10000,best,15,20,5675
kmp,10000,best,15,21,5518
kmp,10000,best,15,22,5490
kmp,10000,best,15,23,5509
kmp,10000,best,15,24,5451
kmp,10000,best,15,25,5482
kmp,10000,best,15,26,5530
kmp,10000,best,15,27,5501
kmp,10000,best,15,28,5495
kmp,10000,best,15,29,5446
kmp,10000,best,15,30,5512
kmp,10000,worst,15,1,8433780
kmp,10000,worst,15,2,2538698
kmp,10000,worst,15,3,7697453
kmp,10000,worst,15,4,2618071
kmp,10000,worst,15,5,9177602
kmp,10000,worst,15,6,2449945
kmp,10000,worst,15,7,1731699
kmp,10000,worst,15,8,8357261
kmp,10000,worst,15,9,9926186
kmp,10000,worst,15,10,2879917
kmp,10000,worst,15,11,8437189
kmp,10000,worst,15,12,2374639
kmp,10000,worst,15,13,7926776
kmp,10000,worst,15,14,3091615
kmp,10000,worst,15,15,14427054
kmp,10000,worst,15,16,1566042
kmp,10000,worst,15,17,1399544
kmp,10000,worst,15,18,1414788
kmp,10000,worst,15,19,7126281
kmp,10000,worst,15,20,1506143
kmp,10000,worst,15,21,1753104
kmp,10000,worst,15,22,7691336
kmp,10000,worst,15,23,2474149
kmp,10000,worst,15,24,7700280
kmp,10000,worst,15,25,1530410
kmp,10000,worst,15,26,6728230
kmp,10000,worst,15,27,1883486
kmp,10000,worst,15,28,1550287
kmp,10000,worst,15,29,7433009
kmp,10000,worst,15,30,2345536
kmp,10000,random,15,1,764062
kmp,10000,random,15,2,6078004
kmp,10000,random,15,3,1448426
kmp,10000,random,15,4,1415330
kmp,10000,random,15,5,1308636
kmp,10000,random,15,6,6462635
kmp,10000,random,15,7,1283173
kmp,10000,random,15,8,1368730
kmp,10000,random,15,9,1354915
kmp,10000,random,15,10,35365085
kmp,10000,random,15,11,867546
kmp,10000,random,15,12,982586
kmp,10000,random,15,13,824737
kmp,10000,random,15,14,1165606
kmp,10000,random,15,15,880895
kmp,10000,random,15,16,6140356
kmp,10000,random,15,17,1060658
kmp,10000,random,15,18,902569
kmp,10000,random,15,19,1140963
kmp,10000,random,15,20,930439
kmp,10000,random,15,21,6254297
kmp,10000,random,15,22,981197
kmp,10000,random,15,23,2134714
kmp,10000,random,15,24,909841
kmp,10000,random,15,25,6203652
kmp,10000,random,15,26,989278
kmp,10000,random,15,27,872762
kmp,10000,random,15,28,1037948
kmp,10000,random,15,29,1203058
kmp,10000,random,15,30,7180533
kmp,100000,best,15,1,7206
kmp,100000,best,15,2,6561
kmp,100000,best,15,3,6085
kmp,100000,best,15,4,6328
kmp,100000,best,15,5,6319
kmp,100000,best,15,6,6441
kmp,100000,best,15,7,6285
kmp,100000,best,15,8,6120
kmp,100000,best,15,9,6233
kmp,100000,best,15,10,6609
kmp,100000,best,15,11,6280
kmp,100000,best,15,12,6283
kmp,100000,best,15,13,6221
kmp,100000,best,15,14,6308
kmp,100000,best,15,15,6275
kmp,100000,best,15,16,6414
kmp,100000,best,15,17,6321
kmp,100000,best,15,18,6339
kmp,100000,best,15,19,6127
kmp,100000,best,15,20,6303
kmp,100000,best,15,21,6305
kmp,100000,best,15,22,6306
kmp,100000,best,15,23,6404
kmp,100000,best,15,24,6347
kmp,100000,best,15,25,4574
kmp,100000,best,15,26,5012
kmp,100000,best,15,27,5340
kmp,100000,best,15,28,6048
kmp,100000,best,15,29,6324
kmp,100000,best,15,30,6077
kmp,100000,worst,15,1,31275806
kmp,100000,worst,15,2,137267258
kmp,100000,worst,15,3,239031563
kmp,100000,worst,15,4,230846810
kmp,100000,worst,15,5,192157797
kmp,100000,worst,15,6,240557157
kmp,100000,worst,15,7,2097760480
kmp,100000,worst,15,8,42093853
kmp,100000,worst,15,9,320306050
kmp,100000,worst,15,10,216525670
kmp,100000,worst,15,11,559161470
kmp,100000,worst,15,12,82849929
kmp,100000,worst,15,13,218613323
kmp,100000,worst,15,14,255791925
kmp,100000,worst,15,15,544523690
kmp,100000,worst,15,16,150619312
kmp,100000,worst,15,17,170499097
kmp,100000,worst,15,18,144985446
kmp,100000,worst,15,19,185158632
kmp,100000,worst,15,20,123437710
kmp,100000,worst,15,21,119710758
kmp,100000,worst,15,22,71815546
kmp,100000,worst,15,23,131877834
kmp,100000,worst,15,24,136150716
kmp,100000,worst,15,25,106228025
kmp,100000,worst,15,26,646036098
kmp,100000,worst,15,27,79139115
kmp,100000,worst,15,28,31202053
kmp,100000,worst,15,29,33812337
kmp,100000,worst,15,30,107512767
kmp,100000,random,15,1,33724382
kmp,100000,random,15,2,59456628
kmp,100000,random,15,3,32321933
kmp,100000,random,15,4,203934219
kmp,100000,random,15,5,14002865
kmp,100000,random,15,6,134385353
kmp,100000,random,15,7,28939626
kmp,100000,random,15,8,23462233
kmp,100000,random,15,9,77456516
kmp,100000,random,15,10,79895208
kmp,100000,random,15,11,165624057
kmp,100000,random,15,12,87290275
kmp,100000,random,15,13,58042775
kmp,100000,random,15,14,34699703
kmp,100000,random,15,15,19050229
kmp,100000,random,15,16,114025189
kmp,100000,random,15,17,211403709
kmp,100000,random,15,18,227252346
kmp,100000,random,15,19,19824471
kmp,100000,random,15,20,53399632
kmp,100000,random,15,21,94722587
kmp,100000,random,15,22,71508329
kmp,100000,random,15,23,17796604
kmp,100000,random,15,24,46971460
kmp,100000,random,15,25,21267238
kmp,100000,random,15,26,25489011
kmp,100000,random,15,27,207811093
kmp,100000,random,15,28,528380562
kmp,100000,random,15,29,120122248
kmp,100000,random,15,30,45437898
kmp,1000000,best,15,1,3486
kmp,1000000,best,15,2,2996
kmp,1000000,best,15,3,2837
kmp,1000000,best,15,4,2863
kmp,1000000,best,15,5,2769
kmp,1000000,best,15,6,2831
kmp,1000000,best,15,7,2850
kmp,1000000,best,15,8,2846
kmp,1000000,best,15,9,2856
kmp,1000000,best,15,10,2980
kmp,1000000,best,15,11,2847
kmp,1000000,best,15,12,2842
kmp,1000000,best,15,13,2887
kmp,1000000,best,15,14,2807
kmp,1000000,best,15,15,2863
kmp,1000000,best,15,16,2776
kmp,1000000,best,15,17,2766
kmp,1000000,best,15,18,3122
kmp,1000000,best,15,19,4418
kmp,1000000,best,15,20,4476
kmp,1000000,best,15,21,4357
kmp,1000000,best,15,22,4136
kmp,1000000,best,15,23,4654
kmp,1000000,best,15,24,4725
kmp,1000000,best,15,25,4757
kmp,1000000,best,15,26,4596
kmp,1000000,best,15,27,5384
kmp,1000000,best,15,28,5162
kmp,1000000,best,15,29,5212
kmp,1000000,best,15,30,4765
kmp,1000000,worst,15,1,1876676534
kmp,1000000,worst,15,2,1581880750
kmp,1000000,worst,15,3,2028394598
kmp,1000000,worst,15,4,1333120853
kmp,1000000,worst,15,5,1103550811
kmp,1000000,worst,15,6,1976438724
kmp,1000000,worst,15,7,1192006276
kmp,1000000,worst,15,8,1269855521
kmp,1000000,worst,15,9,1115949988
kmp,1000000,worst,15,10,1209859911
kmp,1000000,worst,15,11,1860308013
kmp,1000000,worst,15,12,1267074952
kmp,1000000,worst,15,13,1278129947
kmp,1000000,worst,15,14,998352538
kmp,1000000,worst,15,15,1251386532
kmp,1000000,worst,15,16,2315218469
kmp,1000000,worst,15,17,1070023639
kmp,1000000,worst,15,18,1275734353
kmp,1000000,worst,15,19,1721692252
kmp,1000000,worst,15,20,1481528778
kmp,1000000,worst,15,21,2626535920
kmp,1000000,worst,15,22,1750049552
kmp,1000000,worst,15,23,2539785353
kmp,1000000,worst,15,24,1603780397
kmp,1000000,worst,15,25,2149451793
kmp,1000000,worst,15,26,2082346127
kmp,1000000,worst,15,27,1968779150
kmp,1000000,worst,15,28,1416845304
kmp,1000000,worst,15,29,1508274148
kmp,1000000,worst,15,30,1379713179
naive,10000000,random,15,1,3860388276
naive,10000000,random,15,2,5159562949
naive,10000000,random,15,3,5705537041
naive,10000000,random,15,4,3948640083
naive,10000000,random,15,5,5198668765
naive,10000000,random,15,6,4215540502
naive,10000000,random,15,7,4724565661
naive,10000000,random,15,8,4812006397
naive,10000000,random,15,9,3541476333
naive,10000000,random,15,10,5569461383
naive,10000000,random,15,11,4448780268
naive,10000000,random,15,12,6120043346
naive,10000000,random,15,13,4945823218
naive,10000000,random,15,14,10467736293
naive,10000000,random,15,15,4863598678
naive,10000000,random,15,16,4407173904
naive,10000000,random,15,17,4836356657
naive,10000000,random,15,18,5845558799
naive,10000000,random,15,19,5658224433
naive,10000000,random,15,20,4356631283
naive,10000000,random,15,21,4061062153
naive,10000000,random,15,22,3593044630
naive,10000000,random,15,23,3671651469
naive,10000000,random,15,24,5296245633
naive,10000000,random,15,25,4862273111
naive,10000000,random,15,26,4496624549
naive,10000000,random,15,27,4784742360
naive,10000000,random,15,28,4382826039
naive,10000000,random,15,29,4956571884
naive,10000000,random,15,30,4218175425
kmp,10000000,best,15,1,3551
kmp,10000000,best,15,2,2903
kmp,10000000,best,15,3,2835
kmp,10000000,best,15,4,2772
kmp,10000000,best,15,5,2680
kmp,10000000,best,15,6,2731
kmp,10000000,best,15,7,2804
kmp,10000000,best,15,8,2683
kmp,10000000,best,15,9,2762
kmp,10000000,best,15,10,2863
kmp,10000000,best,15,11,2781
kmp,10000000,best,15,12,2675
kmp,10000000,best,15,13,2864
kmp,10000000,best,15,14,2688
kmp,10000000,best,15,15,2733
kmp,10000000,best,15,16,2720
kmp,10000000,best,15,17,2674
kmp,10000000,best,15,18,2678
kmp,10000000,best,15,19,2726
kmp,10000000,best,15,20,2697
kmp,10000000,best,15,21,2712
kmp,10000000,best,15,22,2788
kmp,10000000,best,15,23,2678
kmp,10000000,best,15,24,2713
kmp,10000000,best,15,25,27943
kmp,10000000,best,15,26,2783
kmp,10000000,best,15,27,2667
kmp,10000000,best,15,28,2733
kmp,10000000,best,15,29,2689
kmp,10000000,best,15,30,2692
kmp,1000000,random,15,1,1255346370
kmp,1000000,random,15,2,905197392
kmp,1000000,random,15,3,923076279
kmp,1000000,random,15,4,1010911663
kmp,1000000,random,15,5,889962083
kmp,1000000,random,15,6,584062891
kmp,1000000,random,15,7,1155143706
kmp,1000000,random,15,8,741619537
kmp,1000000,random,15,9,749923950
kmp,1000000,random,15,10,753155914
kmp,1000000,random,15,11,771454664
kmp,1000000,random,15,12,5609674546
kmp,1000000,random,15,13,1489398834
kmp,1000000,random,15,14,928801107
kmp,1000000,random,15,15,657537683
kmp,1000000,random,15,16,635665860
kmp,1000000,random,15,17,980751572
kmp,1000000,random,15,18,1252646646
kmp,1000000,random,15,19,1275112690
kmp,1000000,random,15,20,1247441746
kmp,1000000,random,15,21,847389338
kmp,1000000,random,15,22,972982617
kmp,1000000,random,15,23,817690899
kmp,1000000,random,15,24,479194855
kmp,1000000,random,15,25,722672469
kmp,1000000,random,15,26,877071577
kmp,1000000,random,15,27,477966737
kmp,1000000,random,15,28,510701833
kmp,1000000,random,15,29,1386722463
kmp,1000000,random,15,30,759709193
naive,10000000,worst,15,1,12309735903
naive,10000000,worst,15,2,11210251106
naive,10000000,worst,15,3,10396680886
naive,10000000,worst,15,4,14063501653
naive,10000000,worst,15,5,16766854737
naive,10000000,worst,15,6,13137056899
naive,10000000,worst,15,7,11685000103
naive,10000000,worst,15,8,11296614358
naive,10000000,worst,15,9,12142121507
naive,10000000,worst,15,10,12291434012
naive,10000000,worst,15,11,14711592293
naive,10000000,worst,15,12,10786810485
naive,10000000,worst,15,13,13831029446
naive,10000000,worst,15,14,14148599683
naive,10000000,worst,15,15,13909452902
naive,10000000,worst,15,16,10636222939
naive,10000000,worst,15,17,12848605604
naive,10000000,worst,15,18,10725962944
naive,10000000,worst,15,19,11175244407
naive,10000000,worst,15,20,9926129339
naive,10000000,worst,15,21,12086800300
naive,10000000,worst,15,22,13122385130
naive,10000000,worst,15,23,14743803058
naive,10000000,worst,15,24,12886050458
naive,10000000,worst,15,25,10874776796
naive,10000000,worst,15,26,13092197636
naive,10000000,worst,15,27,11559284062
naive,10000000,worst,15,28,12757522240
naive,10000000,worst,15,29,14072967413
naive,10000000,worst,15,30,13574186508
kmp,100000000,best,15,1,6518
kmp,100000000,best,15,2,5668
kmp,100000000,best,15,3,5710
kmp,100000000,best,15,4,5773
kmp,100000000,best,15,5,5510
kmp,100000000,best,15,6,5378
kmp,100000000,best,15,7,5324
kmp,100000000,best,15,8,5635
kmp,100000000,best,15,9,5665
kmp,100000000,best,15,10,5776
kmp,100000000,best,15,11,6621
kmp,100000000,best,15,12,5645
kmp,100000000,best,15,13,5596
kmp,100000000,best,15,14,5599
kmp,100000000,best,15,15,5576
kmp,100000000,best,15,16,5550
kmp,100000000,best,15,17,4980
kmp,100000000,best,15,18,5631
kmp,100000000,best,15,19,5694
kmp,100000000,best,15,20,5853
kmp,100000000,best,15,21,5612
kmp,100000000,best,15,22,5469
kmp,100000000,best,15,23,5744
kmp,100000000,best,15,24,5563
kmp,100000000,best,15,25,5680
kmp,100000000,best,15,26,5470
kmp,100000000,best,15,27,5748
kmp,100000000,best,15,28,5647
kmp,100000000,best,15,29,5770
kmp,100000000,best,15,30,5941
naive,500000000,best,15,1,11380
naive,500000000,best,15,2,1183
naive,500000000,best,15,3,722
naive,500000000,best,15,4,696
naive,500000000,best,15,5,20647
naive,500000000,best,15,6,774
naive,500000000,best,15,7,852
naive,500000000,best,15,8,859
naive,500000000,best,15,9,881
naive,500000000,best,15,10,1283
naive,500000000,best,15,11,710
naive,500000000,best,15,12,638
naive,500000000,best,15,13,553
naive,500000000,best,15,14,603
naive,500000000,best,15,15,593
naive,500000000,best,15,16,528
naive,500000000,best,15,17,660
naive,500000000,best,15,18,680
naive,500000000,best,15,19,649
naive,500000000,best,15,20,584
naive,500000000,best,15,21,598
naive,500000000,best,15,22,516
naive,500000000,best,15,23,556
naive,500000000,best,15,24,630
naive,500000000,best,15,25,674
naive,500000000,best,15,26,750
naive,500000000,best,15,27,683
naive,500000000,best,15,28,704
naive,500000000,best,15,29,673
naive,500000000,best,15,30,719
kmp,10000000,random,15,1,7278303951
kmp,10000000,random,15,2,9020857161
kmp,10000000,random,15,3,7674320163
kmp,10000000,random,15,4,9764589223
kmp,10000000,random,15,5,8637542545
kmp,10000000,random,15,6,8954287271
kmp,10000000,random,15,7,9355929333
kmp,10000000,random,15,8,8081209660
kmp,10000000,random,15,9,9778578758
kmp,10000000,random,15,10,6731723932
kmp,10000000,random,15,11,9148047347
kmp,10000000,random,15,12,8404268664
kmp,10000000,random,15,13,8651136155
kmp,10000000,random,15,14,9283587677
kmp,10000000,random,15,15,9899394131
kmp,10000000,random,15,16,9193112369
kmp,10000000,random,15,17,10675076749
kmp,10000000,random,15,18,12741332869
kmp,10000000,random,15,19,9955693411
kmp,10000000,random,15,20,8901756621
kmp,10000000,random,15,21,9658623847
kmp,10000000,random,15,22,8998431186
kmp,10000000,random,15,23,8336943511
kmp,10000000,random,15,24,11529181215
kmp,10000000,random,15,25,7767384892
kmp,10000000,random,15,26,23947010554
kmp,10000000,random,15,27,7230424496
kmp,10000000,random,15,28,8140738452
kmp,10000000,random,15,29,9270375134
kmp,10000000,random,15,30,19685619040
kmp,500000000,best,15,1,5144
kmp,500000000,best,15,2,4714
kmp,500000000,best,15,3,8819
kmp,500000000,best,15,4,4661
kmp,500000000,best,15,5,4605
kmp,500000000,best,15,6,4096
kmp,500000000,best,15,7,3867
kmp,500000000,best,15,8,4236
kmp,500000000,best,15,9,4199
kmp,500000000,best,15,10,4527
kmp,500000000,best,15,11,4368
kmp,500000000,best,15,12,4444
kmp,500000000,best,15,13,4293
kmp,500000000,best,15,14,4631
kmp,500000000,best,15,15,4542
kmp,500000000,best,15,16,4636
kmp,500000000,best,15,17,4974
kmp,500000000,best,15,18,5173
kmp,500000000,best,15,19,5040
kmp,500000000,best,15,20,4925
kmp,500000000,best,15,21,4818
kmp,500000000,best,15,22,5012
kmp,500000000,best,15,23,4822
kmp,500000000,best,15,24,4427
kmp,500000000,best,15,25,4854
kmp,500000000,best,15,26,4558
kmp,500000000,best,15,27,4654
kmp,500000000,best,15,28,4701
kmp,500000000,best,15,29,4506
kmp,500000000,best,15,30,4744
kmp,10000000,worst,15,1,17028973540
kmp,10000000,worst,15,2,16790302299
kmp,10000000,worst,15,3,16585871762
kmp,10000000,worst,15,4,16114812968
kmp,10000000,worst,15,5,18406687332
kmp,10000000,worst,15,6,17542702169
kmp,10000000,worst,15,7,14224454177
kmp,10000000,worst,15,8,14092061685
kmp,10000000,worst,15,9,17826153964
kmp,10000000,worst,15,10,20939749949
kmp,10000000,worst,15,11,18077446136
kmp,10000000,worst,15,12,16269136931
kmp,10000000,worst,15,13,15469874514
kmp,10000000,worst,15,14,15257937447
kmp,10000000,worst,15,15,27982267417
kmp,10000000,worst,15,16,14042572278
kmp,10000000,worst,15,17,27994834507
kmp,10000000,worst,15,18,15761791217
kmp,10000000,worst,15,19,15412456129
kmp,10000000,worst,15,20,21380486140
kmp,10000000,worst,15,21,15544201759
kmp,10000000,worst,15,22,15747395271
kmp,10000000,worst,15,23,14716134752
kmp,10000000,worst,15,24,16921714043
kmp,10000000,worst,15,25,17753477802
kmp,10000000,worst,15,26,18422147295
kmp,10000000,worst,15,27,15816188011
kmp,10000000,worst,15,28,17501813882
kmp,10000000,worst,15,29,15851195801
kmp,10000000,worst,15,30,15774981311
kmp,100000000,random,15,1,36107472707
kmp,100000000,random,15,2,39472729979
kmp,100000000,random,15,3,36128125144
kmp,100000000,random,15,4,34900294331
kmp,100000000,random,15,5,38224275137
kmp,100000000,random,15,6,33383271119
kmp,100000000,random,15,7,35697543972
kmp,100000000,random,15,8,34471276659
kmp,100000000,random,15,9,35396147273
kmp,100000000,random,15,10,39471042989
kmp,100000000,random,15,11,33223658086
kmp,100000000,random,15,12,36624233075
kmp,100000000,random,15,13,47537952686
kmp,100000000,random,15,14,33561430205
kmp,100000000,random,15,15,37900935794
kmp,100000000,random,15,16,37345393601
kmp,100000000,random,15,17,37903527346
kmp,100000000,random,15,18,37101324580
kmp,100000000,random,15,19,34364259518
kmp,100000000,random,15,20,34574278854
kmp,100000000,random,15,21,32501778378
kmp,100000000,random,15,22,35517982699
kmp,100000000,random,15,23,35986720628
kmp,100000000,random,15,24,31223390959
kmp,100000000,random,15,25,38665164197
kmp,100000000,random,15,26,34808643872
kmp,100000000,random,15,27,36437557019
kmp,100000000,random,15,28,32966857071
kmp,100000000,random,15,29,39265236014
kmp,100000000,random,15,30,38968517067
boyer_moore,1000,best,15,1,23766
boyer_moore,1000,best,15,2,23702
boyer_moore,1000,best,15,3,23198
boyer_moore,1000,best,15,4,23477
boyer_moore,1000,best,15,5,38454
boyer_moore,1000,best,15,6,21758
boyer_moore,1000,best,15,7,21810
boyer_moore,1000,best,15,8,21439
boyer_moore,1000,best,15,9,21516
boyer_moore,1000,best,15,10,21520
boyer_moore,1000,best,15,11,21599
boyer_moore,1000,best,15,12,21496
boyer_moore,1000,best,15,13,21852
boyer_moore,1000,best,15,14,21568
boyer_moore,1000,best,15,15,22176
boyer_moore,1000,best,15,16,39202
boyer_moore,1000,best,15,17,30621
boyer_moore,1000,best,15,18,36145
boyer_moore,1000,best,15,19,21564
boyer_moore,1000,best,15,20,21519
boyer_moore,1000,best,15,21,21656
boyer_moore,1000,best,15,22,21420
boyer_moore,1000,best,15,23,21353
boyer_moore,1000,best,15,24,21641
boyer_moore,1000,best,15,25,21465
boyer_moore,1000,best,15,26,21378
boyer_moore,1000,best,15,27,21591
boyer_moore,1000,best,15,28,21637
boyer_moore,1000,best,15,29,21420
boyer_moore,1000,best,15,30,21727
boyer_moore,1000,worst,15,1,29440
boyer_moore,1000,worst,15,2,29521
boyer_moore,1000,worst,15,3,29153
boyer_moore,1000,worst,15,4,29499
boyer_moore,1000,worst,15,5,40693
boyer_moore,1000,worst,15,6,29476
boyer_moore,1000,worst,15,7,29487
boyer_moore,1000,worst,15,8,29536
boyer_moore,1000,worst,15,9,29353
boyer_moore,1000,worst,15,10,29506
boyer_moore,1000,worst,15,11,29500
boyer_moore,1000,worst,15,12,29472
boyer_moore,1000,worst,15,13,35418
boyer_moore,1000,worst,15,14,46090
boyer_moore,1000,worst,15,15,47397
boyer_moore,1000,worst,15,16,29421
boyer_moore,1000,worst,15,17,29817
boyer_moore,1000,worst,15,18,29562
boyer_moore,1000,worst,15,19,29517
boyer_moore,1000,worst,15,20,29553
boyer_moore,1000,worst,15,21,29696
boyer_moore,1000,worst,15,22,29502
boyer_moore,1000,worst,15,23,29352
boyer_moore,1000,worst,15,24,29377
boyer_moore,1000,worst,15,25,29428
boyer_moore,1000,worst,15,26,29281
boyer_moore,1000,worst,15,27,29652
boyer_moore,1000,worst,15,28,29430
boyer_moore,1000,worst,15,29,29334
boyer_moore,1000,worst,15,30,29302
boyer_moore,1000,random,15,1,30071
boyer_moore,1000,random,15,2,30103
boyer_moore,1000,random,15,3,30039
boyer_moore,1000,random,15,4,45688
boyer_moore,1000,random,15,5,47021
boyer_moore,1000,random,15,6,35409
boyer_moore,1000,random,15,7,29649
boyer_moore,1000,random,15,8,29581
boyer_moore,1000,random,15,9,48226
boyer_moore,1000,random,15,10,37213
boyer_moore,1000,random,15,11,29657
boyer_moore,1000,random,15,12,29761
boyer_moore,1000,random,15,13,29750
boyer_moore,1000,random,15,14,29598
boyer_moore,1000,random,15,15,29446
boyer_moore,1000,random,15,16,29750
boyer_moore,1000,random,15,17,29500
boyer_moore,1000,random,15,18,29592
boyer_moore,1000,random,15,19,29511
boyer_moore,1000,random,15,20,29585
boyer_moore,1000,random,15,21,29617
boyer_moore,1000,random,15,22,29903
boyer_moore,1000,random,15,23,29423
boyer_moore,1000,random,15,24,29455
boyer_moore,1000,random,15,25,29772
boyer_moore,1000,random,15,26,44510
boyer_moore,1000,random,15,27,29635
boyer_moore,1000,random,15,28,29965
boyer_moore,1000,random,15,29,29643
boyer_moore,1000,random,15,30,29567
boyer_moore,10000,best,15,1,97816978
boyer_moore,10000,best,15,2,267141
boyer_moore,10000,best,15,3,233141
boyer_moore,10000,best,15,4,402922
boyer_moore,10000,best,15,5,461955
boyer_moore,10000,best,15,6,390744
boyer_moore,10000,best,15,7,261110
boyer_moore,10000,best,15,8,209293
boyer_moore,10000,best,15,9,256561
boyer_moore,10000,best,15,10,235443
boyer_moore,10000,best,15,11,296145
boyer_moore,10000,best,15,12,287699
boyer_moore,10000,best,15,13,348124
boyer_moore,10000,best,15,14,231663
boyer_moore,10000,best,15,15,250345
boyer_moore,10000,best,15,16,243260
boyer_moore,10000,best,15,17,358814
boyer_moore,10000,best,15,18,26810006
boyer_moore,10000,best,15,19,245070
boyer_moore,10000,best,15,20,215585
boyer_moore,10000,best,15,21,215185
boyer_moore,10000,best,15,22,271254
boyer_moore,10000,best,15,23,213909
boyer_moore,10000,best,15,24,259920
boyer_moore,10000,best,15,25,212597
boyer_moore,10000,best,15,26,267383
boyer_moore,10000,best,15,27,236529
boyer_moore,10000,best,15,28,291291
boyer_moore,10000,best,15,29,237313
boyer_moore,10000,best,15,30,256610
boyer_moore,10000,worst,15,1,836753
boyer_moore,10000,worst,15,2,363722
boyer_moore,10000,worst,15,3,435837
boyer_moore,10000,worst,15,4,339702
boyer_moore,10000,worst,15,5,376063
boyer_moore,10000,worst,15,6,549953
boyer_moore,10000,worst,15,7,17710188
boyer_moore,10000,worst,15,8,556534
boyer_moore,10000,worst,15,9,551962
boyer_moore,10000,worst,15,10,492208
boyer_moore,10000,worst,15,11,570396
boyer_moore,10000,worst,15,12,520366
boyer_moore,10000,worst,15,13,338762
boyer_moore,10000,worst,15,14,427554
boyer_moore,10000,worst,15,15,359672
boyer_moore,10000,worst,15,16,300534
boyer_moore,10000,worst,15,17,297842
boyer_moore,10000,worst,15,18,338011
boyer_moore,10000,worst,15,19,348574
boyer_moore,10000,worst,15,20,321166
boyer_moore,10000,worst,15,21,331355
boyer_moore,10000,worst,15,22,318760
boyer_moore,10000,worst,15,23,545163
boyer_moore,10000,worst,15,24,434211
boyer_moore,10000,worst,15,25,309106
boyer_moore,10000,worst,15,26,5665341
boyer_moore,10000,worst,15,27,353132
boyer_moore,10000,worst,15,28,302041
boyer_moore,10000,worst,15,29,340322
boyer_moore,10000,worst,15,30,313294
boyer_moore,10000,random,15,1,400201
boyer_moore,10000,random,15,2,560574
boyer_moore,10000,random,15,3,477167
boyer_moore,10000,random,15,4,596452
boyer_moore,10000,random,15,5,439890
boyer_moore,10000,random,15,6,21295091
boyer_moore,10000,random,15,7,550330
boyer_moore,10000,random,15,8,676946
boyer_moore,10000,random,15,9,541559
boyer_moore,10000,random,15,10,556853
boyer_moore,10000,random,15,11,555880
boyer_moore,10000,random,15,12,522345
boyer_moore,10000,random,15,13,576179
boyer_moore,10000,random,15,14,550652
boyer_moore,10000,random,15,15,53589499
boyer_moore,10000,random,15,16,437108
boyer_moore,10000,random,15,17,333058
boyer_moore,10000,random,15,18,326186
boyer_moore,10000,random,15,19,332375
boyer_moore,10000,random,15,20,359752
boyer_moore,10000,random,15,21,334082
boyer_moore,10000,random,15,22,317981
boyer_moore,10000,random,15,23,382626
boyer_moore,10000,random,15,24,636578
boyer_moore,10000,random,15,25,467589
boyer_moore,10000,random,15,26,407729
boyer_moore,10000,random,15,27,6988276
boyer_moore,10000,random,15,28,579161
boyer_moore,10000,random,15,29,536706
boyer_moore,10000,random,15,30,547398
boyer_moore,100000,best,15,1,46387709
boyer_moore,100000,best,15,2,3584357
boyer_moore,100000,best,15,3,40748047
boyer_moore,100000,best,15,4,2513747
boyer_moore,100000,best,15,5,7887900
boyer_moore,100000,best,15,6,2742857
boyer_moore,100000,best,15,7,115373706
boyer_moore,100000,best,15,8,2001746
boyer_moore,100000,best,15,9,57502396
boyer_moore,100000,best,15,10,2388492
boyer_moore,100000,best,15,11,2673966
boyer_moore,100000,best,15,12,2650315
boyer_moore,100000,best,15,13,8189112
boyer_moore,100000,best,15,14,7594377
boyer_moore,100000,best,15,15,4349825
boyer_moore,100000,best,15,16,10001058
boyer_moore,100000,best,15,17,9702878
boyer_moore,100000,best,15,18,9758168
boyer_moore,100000,best,15,19,9941914
boyer_moore,100000,best,15,20,144876666
boyer_moore,100000,best,15,21,3061199
boyer_moore,100000,best,15,22,8071713
boyer_moore,100000,best,15,23,2687538
boyer_moore,100000,best,15,24,149766768
boyer_moore,100000,best,15,25,2336004
boyer_moore,100000,best,15,26,7968679
boyer_moore,100000,best,15,27,3172528
boyer_moore,100000,best,15,28,131573092
boyer_moore,100000,best,15,29,2807349
boyer_moore,100000,best,15,30,7863575
boyer_moore,100000,worst,15,1,53235496
boyer_moore,100000,worst,15,2,196865237
boyer_moore,100000,worst,15,3,9952086
boyer_moore,100000,worst,15,4,46068845
boyer_moore,100000,worst,15,5,3513981
boyer_moore,100000,worst,15,6,50725028
boyer_moore,100000,worst,15,7,3620335
boyer_moore,100000,worst,15,8,26001529
boyer_moore,100000,worst,15,9,40297576
boyer_moore,100000,worst,15,10,9047686
boyer_moore,100000,worst,15,11,3479770
boyer_moore,100000,worst,15,12,10317202
boyer_moore,100000,worst,15,13,16477284
boyer_moore,100000,worst,15,14,15591611
boyer_moore,100000,worst,15,15,12261382
boyer_moore,100000,worst,15,16,17274389
boyer_moore,100000,worst,15,17,10799027
boyer_moore,100000,worst,15,18,10154688
boyer_moore,100000,worst,15,19,3122860
boyer_moore,100000,worst,15,20,137520306
boyer_moore,100000,worst,15,21,8873623
boyer_moore,100000,worst,15,22,122160409
boyer_moore,100000,worst,15,23,101396244
boyer_moore,100000,worst,15,24,94633894
boyer_moore,100000,worst,15,25,4988691
boyer_moore,100000,worst,15,26,89724098
boyer_moore,100000,worst,15,27,11337840
boyer_moore,100000,worst,15,28,3632868
boyer_moore,100000,worst,15,29,17349893
boyer_moore,100000,worst,15,30,12849120
boyer_moore,100000,random,15,1,3317806
boyer_moore,100000,random,15,2,15729585
boyer_moore,100000,random,15,3,3718078
boyer_moore,100000,random,15,4,116933525
boyer_moore,100000,random,15,5,13870608
boyer_moore,100000,random,15,6,3279748
boyer_moore,100000,random,15,7,8302395
boyer_moore,100000,random,15,8,8895883
boyer_moore,100000,random,15,9,3084329
boyer_moore,100000,random,15,10,19046726
boyer_moore,100000,random,15,11,10221086
boyer_moore,100000,random,15,12,3649030
boyer_moore,100000,random,15,13,29949891
boyer_moore,100000,random,15,14,8650197
boyer_moore,100000,random,15,15,3282944
boyer_moore,100000,random,15,16,9399028
boyer_moore,100000,random,15,17,8714494
boyer_moore,100000,random,15,18,69297056
boyer_moore,100000,random,15,19,3384946
boyer_moore,100000,random,15,20,9285775
boyer_moore,100000,random,15,21,9394407
boyer_moore,100000,random,15,22,4248725
boyer_moore,100000,random,15,23,9754603
boyer_moore,100000,random,15,24,9614066
boyer_moore,100000,random,15,25,9684855
boyer_moore,100000,random,15,26,21224988
boyer_moore,100000,random,15,27,129450499
boyer_moore,100000,random,15,28,2981272
boyer_moore,100000,random,15,29,276717530
boyer_moore,100000,random,15,30,9002154
boyer_moore,1000000,best,15,1,161226614
boyer_moore,1000000,best,15,2,95954532
boyer_moore,1000000,best,15,3,215874306
boyer_moore,1000000,best,15,4,71669436
boyer_moore,1000000,best,15,5,184143346
boyer_moore,1000000,best,15,6,115849919
boyer_moore,1000000,best,15,7,103342704
boyer_moore,1000000,best,15,8,155462885
boyer_moore,1000000,best,15,9,51564129
boyer_moore,1000000,best,15,10,50808489
boyer_moore,1000000,best,15,11,252918247
boyer_moore,1000000,best,15,12,558199043
boyer_moore,1000000,best,15,13,281100283
boyer_moore,1000000,best,15,14,509122288
boyer_moore,1000000,best,15,15,338897598
boyer_moore,1000000,best,15,16,582279161
boyer_moore,1000000,best,15,17,202786948
boyer_moore,1000000,best,15,18,155321573
boyer_moore,1000000,best,15,19,634607397
boyer_moore,1000000,best,15,20,735482061
boyer_moore,1000000,best,15,21,66441246
boyer_moore,1000000,best,15,22,258258743
boyer_moore,1000000,best,15,23,188152362
boyer_moore,1000000,best,15,24,210224794
boyer_moore,1000000,best,15,25,562191643
boyer_moore,1000000,best,15,26,397191355
boyer_moore,1000000,best,15,27,435890756
boyer_moore,1000000,best,15,28,77701030
boyer_moore,1000000,best,15,29,351470208
boyer_moore,1000000,best,15,30,220317818
boyer_moore,1000000,worst,15,1,103851082
boyer_moore,1000000,worst,15,2,405718676
boyer_moore,1000000,worst,15,3,106464309
boyer_moore,1000000,worst,15,4,446598447
boyer_moore,1000000,worst,15,5,784198598
boyer_moore,1000000,worst,15,6,384528048
boyer_moore,1000000,worst,15,7,420892058
boyer_moore,1000000,worst,15,8,184434225
boyer_moore,1000000,worst,15,9,332624280
boyer_moore,1000000,worst,15,10,276955335
boyer_moore,1000000,worst,15,11,174717198
boyer_moore,1000000,worst,15,12,450405664
boyer_moore,1000000,worst,15,13,838549950
boyer_moore,1000000,worst,15,14,298557180
boyer_moore,1000000,worst,15,15,381851658
boyer_moore,1000000,worst,15,16,171413998
boyer_moore,1000000,worst,15,17,89973045
boyer_moore,1000000,worst,15,18,725304328
boyer_moore,1000000,worst,15,19,261793681
boyer_moore,1000000,worst,15,20,73772907
boyer_moore,1000000,worst,15,21,190072567
boyer_moore,1000000,worst,15,22,429051692
boyer_moore,1000000,worst,15,23,196041594
boyer_moore,1000000,worst,15,24,484303581
boyer_moore,1000000,worst,15,25,127727306
boyer_moore,1000000,worst,15,26,246705663
boyer_moore,1000000,worst,15,27,463707201
boyer_moore,1000000,worst,15,28,524285354
boyer_moore,1000000,worst,15,29,83873491
boyer_moore,1000000,worst,15,30,74296914
boyer_moore,1000000,random,15,1,355238114
boyer_moore,1000000,random,15,2,453094059
boyer_moore,1000000,random,15,3,960192818
boyer_moore,1000000,random,15,4,348444058
boyer_moore,1000000,random,15,5,275903289
boyer_moore,1000000,random,15,6,104994938
boyer_moore,1000000,random,15,7,188331199
boyer_moore,1000000,random,15,8,270487778
boyer_moore,1000000,random,15,9,90240784
boyer_moore,1000000,random,15,10,565680727
boyer_moore,1000000,random,15,11,671367409
boyer_moore,1000000,random,15,12,68736960
boyer_moore,1000000,random,15,13,81613623
boyer_moore,1000000,random,15,14,361771581
boyer_moore,1000000,random,15,15,95674825
boyer_moore,1000000,random,15,16,759768309
boyer_moore,1000000,random,15,17,262677698
boyer_moore,1000000,random,15,18,129009577
boyer_moore,1000000,random,15,19,363241532
boyer_moore,1000000,random,15,20,284150814
boyer_moore,1000000,random,15,21,72486615
boyer_moore,1000000,random,15,22,159109606
boyer_moore,1000000,random,15,23,395108767
boyer_moore,1000000,random,15,24,260488817
boyer_moore,1000000,random,15,25,375993924
boyer_moore,1000000,random,15,26,349705363
boyer_moore,1000000,random,15,27,576838579
boyer_moore,1000000,random,15,28,115084415
boyer_moore,1000000,random,15,29,85036304
boyer_moore,1000000,random,15,30,72908129
boyer_moore,10000000,best,15,1,2996524963
boyer_moore,10000000,best,15,2,2373548259
boyer_moore,10000000,best,15,3,2496702149
boyer_moore,10000000,best,15,4,2392696630
boyer_moore,10000000,best,15,5,2857852964
boyer_moore,10000000,best,15,6,2273036876
boyer_moore,10000000,best,15,7,4015552538
boyer_moore,10000000,best,15,8,2229132845
boyer_moore,10000000,best,15,9,2804166732
boyer_moore,10000000,best,15,10,2097539867
boyer_moore,10000000,best,15,11,3228958908
boyer_moore,10000000,best,15,12,3120869717
boyer_moore,10000000,best,15,13,2316232956
boyer_moore,10000000,best,15,14,2119639180
boyer_moore,10000000,best,15,15,3306715883
boyer_moore,10000000,best,15,16,3199732453
boyer_moore,10000000,best,15,17,2124975833
boyer_moore,10000000,best,15,18,2763582567
boyer_moore,10000000,best,15,19,2212367305
boyer_moore,10000000,best,15,20,2186128848
boyer_moore,10000000,best,15,21,2378610125
boyer_moore,10000000,best,15,22,2744698728
boyer_moore,10000000,best,15,23,3497870433
boyer_moore,10000000,best,15,24,2249505164
boyer_moore,10000000,best,15,25,2554381699
boyer_moore,10000000,best,15,26,3071067451
boyer_moore,10000000,best,15,27,2242164512
boyer_moore,10000000,best,15,28,2392398369
boyer_moore,10000000,best,15,29,2443363576
boyer_moore,10000000,best,15,30,2353731269
boyer_moore,10000000,worst,15,1,4325251017
boyer_moore,10000000,worst,15,2,2767022349
boyer_moore,10000000,worst,15,3,2431426783
boyer_moore,10000000,worst,15,4,2091445962
boyer_moore,10000000,worst,15,5,2598030603
boyer_moore,10000000,worst,15,6,2861616861
boyer_moore,10000000,worst,15,7,5069980555
boyer_moore,10000000,worst,15,8,3778574995
boyer_moore,10000000,worst,15,9,4827549896
boyer_moore,10000000,worst,15,10,3806294964
boyer_moore,10000000,worst,15,11,4247946831
boyer_moore,10000000,worst,15,12,3561301096
boyer_moore,10000000,worst,15,13,3691942028
boyer_moore,10000000,worst,15,14,4693135758
boyer_moore,10000000,worst,15,15,3488944426
boyer_moore,10000000,worst,15,16,3986055893
boyer_moore,10000000,worst,15,17,3056073096
boyer_moore,10000000,worst,15,18,4005076891
boyer_moore,10000000,worst,15,19,3036019329
boyer_moore,10000000,worst,15,20,3982611404
boyer_moore,10000000,worst,15,21,3439513800
boyer_moore,10000000,worst,15,22,3820791063
boyer_moore,10000000,worst,15,23,3384087123
boyer_moore,10000000,worst,15,24,3647611769
boyer_moore,10000000,worst,15,25,4113457821
boyer_moore,10000000,worst,15,26,3426199411
boyer_moore,10000000,worst,15,27,5595817708
boyer_moore,10000000,worst,15,28,5260834056
boyer_moore,10000000,worst,15,29,4798911628
boyer_moore,10000000,worst,15,30,4672053579
boyer_moore,10000000,random,15,1,3793185603
boyer_moore,10000000,random,15,2,3724942718
boyer_moore,10000000,random,15,3,3673933171
boyer_moore,10000000,random,15,4,3037433320
boyer_moore,10000000,random,15,5,3364197100
boyer_moore,10000000,random,15,6,2744081022
boyer_moore,10000000,random,15,7,3268979674
boyer_moore,10000000,random,15,8,3772947544
boyer_moore,10000000,random,15,9,4379583577
boyer_moore,10000000,random,15,10,3013062997
boyer_moore,10000000,random,15,11,3401303098
boyer_moore,10000000,random,15,12,3444515089
boyer_moore,10000000,random,15,13,4361716542
boyer_moore,10000000,random,15,14,3257121209
boyer_moore,10000000,random,15,15,3209004210
boyer_moore,10000000,random,15,16,2755667554
boyer_moore,10000000,random,15,17,2251410323
boyer_moore,10000000,random,15,18,4045496375
boyer_moore,10000000,random,15,19,3221166528
boyer_moore,10000000,random,15,20,2731572690
boyer_moore,10000000,random,15,21,5112456791
boyer_moore,10000000,random,15,22,3484072646
boyer_moore,10000000,random,15,23,3269836101
boyer_moore,10000000,random,15,24,3424081215
boyer_moore,10000000,random,15,25,3384229004
boyer_moore,10000000,random,15,26,3706149602
boyer_moore,10000000,random,15,27,3371658439
boyer_moore,10000000,random,15,28,2531335172
boyer_moore,10000000,random,15,29,3611503796
boyer_moore,10000000,random,15,30,3592632073
naive,500000000,random,15,1,61694296702
naive,500000000,random,15,2,60288729198
naive,500000000,random,15,3,64498596073
naive,500000000,random,15,4,62770730117
naive,500000000,random,15,5,64928827377
naive,500000000,random,15,6,59870758773
naive,500000000,random,15,7,60273380192
naive,500000000,random,15,8,77436151353
naive,500000000,random,15,9,64380065468
naive,500000000,random,15,10,62063138383
naive,500000000,random,15,11,63411086219
naive,500000000,random,15,12,59443392877
naive,500000000,random,15,13,59309297572
naive,500000000,random,15,14,68015544849
naive,500000000,random,15,15,56728056646
naive,500000000,random,15,16,61233221586
naive,500000000,random,15,17,57530965140
naive,500000000,random,15,18,60234989188
naive,500000000,random,15,19,60099226576
naive,500000000,random,15,20,64397962491
naive,500000000,random,15,21,60884959504
naive,500000000,random,15,22,61133526343
naive,500000000,random,15,23,64660285976
naive,500000000,random,15,24,61092762057
naive,500000000,random,15,25,56902676692
naive,500000000,random,15,26,60350838579
naive,500000000,random,15,27,63886871385
naive,500000000,random,15,28,54678224310
naive,500000000,random,15,29,63613930719
naive,500000000,random,15,30,52909030263
boyer_moore,100000000,best,15,1,25107530143
boyer_moore,100000000,best,15,2,26557212105
boyer_moore,100000000,best,15,3,29615188543
boyer_moore,100000000,best,15,4,26969468336
boyer_moore,100000000,best,15,5,28868291610
boyer_moore,100000000,best,15,6,28391060017
boyer_moore,100000000,best,15,7,26824052754
boyer_moore,100000000,best,15,8,26955562942
boyer_moore,100000000,best,15,9,29063955657
boyer_moore,100000000,best,15,10,25516596839
boyer_moore,100000000,best,15,11,30116495565
boyer_moore,100000000,best,15,12,23640650982
boyer_moore,100000000,best,15,13,28111844317
boyer_moore,100000000,best,15,14,23429859567
boyer_moore,100000000,best,15,15,25705064343
boyer_moore,100000000,best,15,16,27677077230
boyer_moore,100000000,best,15,17,26949714922
boyer_moore,100000000,best,15,18,23753900941
boyer_moore,100000000,best,15,19,24767781208
boyer_moore,100000000,best,15,20,26319133118
boyer_moore,100000000,best,15,21,30552674308
boyer_moore,100000000,best,15,22,24939575481
boyer_moore,100000000,best,15,23,26858564104
boyer_moore,100000000,best,15,24,27204409511
boyer_moore,100000000,best,15,25,25565899463
boyer_moore,100000000,best,15,26,26141657584
boyer_moore,100000000,best,15,27,23901320978
boyer_moore,100000000,best,15,28,24128642396
boyer_moore,100000000,best,15,29,27997573238
boyer_moore,100000000,best,15,30,26010380686
naive,100000000,random,15,1,147410974342
naive,100000000,random,15,2,110527379406
naive,100000000,random,15,3,107604331575
naive,100000000,random,15,4,109636091249
naive,100000000,random,15,5,111784506101
naive,100000000,random,15,6,122855926533
naive,100000000,random,15,7,112876909589
naive,100000000,random,15,8,118047109651
naive,100000000,random,15,9,108306436584
naive,100000000,random,15,10,108398126485
naive,100000000,random,15,11,111836972115
naive,100000000,random,15,12,112730519264
naive,100000000,random,15,13,110327716401
naive,100000000,random,15,14,101150135378
naive,100000000,random,15,15,113347766413
naive,100000000,random,15,16,108551478175
naive,100000000,random,15,17,105292577952
naive,100000000,random,15,18,109156525711
naive,100000000,random,15,19,113557915325
naive,100000000,random,15,20,106478323505
naive,100000000,random,15,21,108763453433
naive,100000000,random,15,22,104687596004
naive,100000000,random,15,23,106674595816
naive,100000000,random,15,24,115420853344
naive,100000000,random,15,25,104187278638
naive,100000000,random,15,26,103782590588
naive,100000000,random,15,27,123925527531
naive,100000000,random,15,28,109436310831
naive,100000000,random,15,29,108802546388
naive,100000000,random,15,30,119610109831
boyer_moore,100000000,worst,15,1,37171126489
boyer_moore,100000000,worst,15,2,33981107679
boyer_moore,100000000,worst,15,3,37229678678
boyer_moore,100000000,worst,15,4,36814430286
boyer_moore,100000000,worst,15,5,36747700250
boyer_moore,100000000,worst,15,6,36463124709
boyer_moore,100000000,worst,15,7,39597617516
boyer_moore,100000000,worst,15,8,41546697536
boyer_moore,100000000,worst,15,9,37826006378
boyer_moore,100000000,worst,15,10,38712675765
boyer_moore,100000000,worst,15,11,40225789014
boyer_moore,100000000,worst,15,12,42251387760
boyer_moore,100000000,worst,15,13,37524593265
boyer_moore,100000000,worst,15,14,39090083092
boyer_moore,100000000,worst,15,15,38108671105
boyer_moore,100000000,worst,15,16,45489392246
boyer_moore,100000000,worst,15,17,38035328497
boyer_moore,100000000,worst,15,18,37531597174
boyer_moore,100000000,worst,15,19,44759642157
boyer_moore,100000000,worst,15,20,40185790577
boyer_moore,100000000,worst,15,21,41438147410
boyer_moore,100000000,worst,15,22,42218195274
boyer_moore,100000000,worst,15,23,39721404610
boyer_moore,100000000,worst,15,24,39522872772
boyer_moore,100000000,worst,15,25,34730286105
boyer_moore,100000000,worst,15,26,40045690305
boyer_moore,100000000,worst,15,27,38887897765
boyer_moore,100000000,worst,15,28,37924393208
boyer_moore,100000000,worst,15,29,35422152391
boyer_moore,100000000,worst,15,30,40466653439
naive,100000000,worst,15,1,150287191379
naive,100000000,worst,15,2,135350491389
naive,100000000,worst,15,3,125255858249
naive,100000000,worst,15,4,126613176807
naive,100000000,worst,15,5,123440057412
naive,100000000,worst,15,6,127916140982
naive,100000000,worst,15,7,119873655624
naive,100000000,worst,15,8,119417663937
naive,100000000,worst,15,9,127215738683
naive,100000000,worst,15,10,125346694735
naive,100000000,worst,15,11,127733857796
naive,100000000,worst,15,12,118251996498
naive,100000000,worst,15,13,118383319289
naive,100000000,worst,15,14,129099517230
naive,100000000,worst,15,15,126658017376
naive,100000000,worst,15,16,120366888304
naive,100000000,worst,15,17,108897872688
naive,100000000,worst,15,18,115465416601
naive,100000000,worst,15,19,112710444650
naive,100000000,worst,15,20,122740177814
naive,100000000,worst,15,21,114022850964
naive,100000000,worst,15,22,127431400646
naive,100000000,worst,15,23,119484198029
naive,100000000,worst,15,24,120077158397
naive,100000000,worst,15,25,127595557930
naive,100000000,worst,15,26,121347126766
naive,100000000,worst,15,27,130828508017
naive,100000000,worst,15,28,123021239081
naive,100000000,worst,15,29,125935629177
naive,100000000,worst,15,30,115934559434
boyer_moore,100000000,random,15,1,35741887339
boyer_moore,100000000,random,15,2,33499525906
boyer_moore,100000000,random,15,3,34447012461
boyer_moore,100000000,random,15,4,34658734847
boyer_moore,100000000,random,15,5,40705437513
boyer_moore,100000000,random,15,6,35689247453
boyer_moore,100000000,random,15,7,36510409553
boyer_moore,100000000,random,15,8,35255101893
boyer_moore,100000000,random,15,9,29668277216
boyer_moore,100000000,random,15,10,35620237765
boyer_moore,100000000,random,15,11,33561595943
boyer_moore,100000000,random,15,12,34484391496
boyer_moore,100000000,random,15,13,38919923491
boyer_moore,100000000,random,15,14,38438888676
boyer_moore,100000000,random,15,15,38228170937
boyer_moore,100000000,random,15,16,33694257846
boyer_moore,100000000,random,15,17,39815121862
boyer_moore,100000000,random,15,18,37845363167
boyer_moore,100000000,random,15,19,33953292295
boyer_moore,100000000,random,15,20,35857506518
boyer_moore,100000000,random,15,21,35756832776
boyer_moore,100000000,random,15,22,39058310816
boyer_moore,100000000,random,15,23,37220506369
boyer_moore,100000000,random,15,24,31544227197
boyer_moore,100000000,random,15,25,33586967863
boyer_moore,100000000,random,15,26,31305867719
boyer_moore,100000000,random,15,27,34917201211
boyer_moore,100000000,random,15,28,34701747735
boyer_moore,100000000,random,15,29,31199770037
boyer_moore,100000000,random,15,30,35354223227
rabin_karp,1000,best,15,1,9290
rabin_karp,1000,best,15,2,5457
rabin_karp,1000,best,15,3,4714
rabin_karp,1000,best,15,4,4712
rabin_karp,1000,best,15,5,4818
rabin_karp,1000,best,15,6,4814
rabin_karp,1000,best,15,7,4624
rabin_karp,1000,best,15,8,4624
rabin_karp,1000,best,15,9,5311
rabin_karp,1000,best,15,10,8476
rabin_karp,1000,best,15,11,7577
rabin_karp,1000,best,15,12,8712
rabin_karp,1000,best,15,13,8255
rabin_karp,1000,best,15,14,4868
rabin_karp,1000,best,15,15,4679
rabin_karp,1000,best,15,16,5487
rabin_karp,1000,best,15,17,7491
rabin_karp,1000,best,15,18,7246
rabin_karp,1000,best,15,19,7262
rabin_karp,1000,best,15,20,7206
rabin_karp,1000,best,15,21,7019
rabin_karp,1000,best,15,22,7708
rabin_karp,1000,best,15,23,8370
rabin_karp,1000,best,15,24,10969
rabin_karp,1000,best,15,25,4682
rabin_karp,1000,best,15,26,4600
rabin_karp,1000,best,15,27,4596
rabin_karp,1000,best,15,28,7452
rabin_karp,1000,best,15,29,7991
rabin_karp,1000,best,15,30,7963
rabin_karp,1000,worst,15,1,753840
rabin_karp,1000,worst,15,2,697703
rabin_karp,1000,worst,15,3,528319
rabin_karp,1000,worst,15,4,108338280
rabin_karp,1000,worst,15,5,486052
rabin_karp,1000,worst,15,6,497935
rabin_karp,1000,worst,15,7,358217
rabin_karp,1000,worst,15,8,493011
rabin_karp,1000,worst,15,9,449676
rabin_karp,1000,worst,15,10,486651
rabin_karp,1000,worst,15,11,529868
rabin_karp,1000,worst,15,12,451892
rabin_karp,1000,worst,15,13,383763
rabin_karp,1000,worst,15,14,598482
rabin_karp,1000,worst,15,15,401863
rabin_karp,1000,worst,15,16,5918153
rabin_karp,1000,worst,15,17,466779
rabin_karp,1000,worst,15,18,653495
rabin_karp,1000,worst,15,19,428827
rabin_karp,1000,worst,15,20,415732
rabin_karp,1000,worst,15,21,447503
rabin_karp,1000,worst,15,22,371660
rabin_karp,1000,worst,15,23,366796
rabin_karp,1000,worst,15,24,369636
rabin_karp,1000,worst,15,25,372279
rabin_karp,1000,worst,15,26,343884
rabin_karp,1000,worst,15,27,363444
rabin_karp,1000,worst,15,28,5788896
rabin_karp,1000,worst,15,29,388151
rabin_karp,1000,worst,15,30,354210
rabin_karp,1000,random,15,1,649250
rabin_karp,1000,random,15,2,489976
rabin_karp,1000,random,15,3,595200
rabin_karp,1000,random,15,4,27901075
rabin_karp,1000,random,15,5,579047
rabin_karp,1000,random,15,6,646434
rabin_karp,1000,random,15,7,589589
rabin_karp,1000,random,15,8,694461
rabin_karp,1000,random,15,9,632649
rabin_karp,1000,random,15,10,594632
rabin_karp,1000,random,15,11,791587
rabin_karp,1000,random,15,12,42241482
rabin_karp,1000,random,15,13,437005
rabin_karp,1000,random,15,14,325433
rabin_karp,1000,random,15,15,505336
rabin_karp,1000,random,15,16,604701
rabin_karp,1000,random,15,17,620822
rabin_karp,1000,random,15,18,555439
rabin_karp,1000,random,15,19,375099
rabin_karp,1000,random,15,20,328408
rabin_karp,1000,random,15,21,328560
rabin_karp,1000,random,15,22,341428
rabin_karp,1000,random,15,23,436321
rabin_karp,1000,random,15,24,115390977
rabin_karp,1000,random,15,25,431050
rabin_karp,1000,random,15,26,604748
rabin_karp,1000,random,15,27,627118
rabin_karp,1000,random,15,28,552338
rabin_karp,1000,random,15,29,433226
rabin_karp,1000,random,15,30,600350
rabin_karp,10000,best,15,1,8056
rabin_karp,10000,best,15,2,8101
rabin_karp,10000,best,15,3,7746
rabin_karp,10000,best,15,4,7789
rabin_karp,10000,best,15,5,7773
rabin_karp,10000,best,15,6,7864
rabin_karp,10000,best,15,7,7760
rabin_karp,10000,best,15,8,7817
rabin_karp,10000,best,15,9,7783
rabin_karp,10000,best,15,10,7685
rabin_karp,10000,best,15,11,7806
rabin_karp,10000,best,15,12,7742
rabin_karp,10000,best,15,13,7875
rabin_karp,10000,best,15,14,7800
rabin_karp,10000,best,15,15,7730
rabin_karp,10000,best,15,16,7961
rabin_karp,10000,best,15,17,7785
rabin_karp,10000,best,15,18,7815
rabin_karp,10000,best,15,19,7828
rabin_karp,10000,best,15,20,7784
rabin_karp,10000,best,15,21,7722
rabin_karp,10000,best,15,22,7768
rabin_karp,10000,best,15,23,7789
rabin_karp,10000,best,15,24,7798
rabin_karp,10000,best,15,25,7779
rabin_karp,10000,best,15,26,7805
rabin_karp,10000,best,15,27,7797
rabin_karp,10000,best,15,28,7834
rabin_karp,10000,best,15,29,7909
rabin_karp,10000,best,15,30,7844
rabin_karp,10000,worst,15,1,4044478
rabin_karp,10000,worst,15,2,8742045
rabin_karp,10000,worst,15,3,63273711
rabin_karp,10000,worst,15,4,11001480
rabin_karp,10000,worst,15,5,10455982
rabin_karp,10000,worst,15,6,11807394
rabin_karp,10000,worst,15,7,118516270
rabin_karp,10000,worst,15,8,10977849
rabin_karp,10000,worst,15,9,41379523
rabin_karp,10000,worst,15,10,15509657
rabin_karp,10000,worst,15,11,16863326
rabin_karp,10000,worst,15,12,88680296
rabin_karp,10000,worst,15,13,9615305
rabin_karp,10000,worst,15,14,26114783
rabin_karp,10000,worst,15,15,4190688
rabin_karp,10000,worst,15,16,14084638
rabin_karp,10000,worst,15,17,81436939
rabin_karp,10000,worst,15,18,30811328
rabin_karp,10000,worst,15,19,3210983
rabin_karp,10000,worst,15,20,76416192
rabin_karp,10000,worst,15,21,167946378
rabin_karp,10000,worst,15,22,4288808
rabin_karp,10000,worst,15,23,9470621
rabin_karp,10000,worst,15,24,83646773
rabin_karp,10000,worst,15,25,89054129
rabin_karp,10000,worst,15,26,139447786
rabin_karp,10000,worst,15,27,53063483
rabin_karp,10000,worst,15,28,121961580
rabin_karp,10000,worst,15,29,4090380
rabin_karp,10000,worst,15,30,11274432
rabin_karp,10000,random,15,1,288457877
rabin_karp,10000,random,15,2,115039346
rabin_karp,10000,random,15,3,158144437
rabin_karp,10000,random,15,4,20986683
rabin_karp,10000,random,15,5,10535754
rabin_karp,10000,random,15,6,19168654
rabin_karp,10000,random,15,7,9517000
rabin_karp,10000,random,15,8,8956605
rabin_karp,10000,random,15,9,15567072
rabin_karp,10000,random,15,10,9755275
rabin_karp,10000,random,15,11,72956146
rabin_karp,10000,random,15,12,4086859
rabin_karp,10000,random,15,13,196187842
rabin_karp,10000,random,15,14,11750293
rabin_karp,10000,random,15,15,11400725
rabin_karp,10000,random,15,16,154396107
rabin_karp,10000,random,15,17,118407892
rabin_karp,10000,random,15,18,3875460
rabin_karp,10000,random,15,19,72701877
rabin_karp,10000,random,15,20,9210006
rabin_karp,10000,random,15,21,26906411
rabin_karp,10000,random,15,22,11247922
rabin_karp,10000,random,15,23,9309234
rabin_karp,10000,random,15,24,4649109
rabin_karp,10000,random,15,25,16815338
rabin_karp,10000,random,15,26,20247972
rabin_karp,10000,random,15,27,16059462
rabin_karp,10000,random,15,28,9307771
rabin_karp,10000,random,15,29,4125423
rabin_karp,10000,random,15,30,9142493
rabin_karp,100000,best,15,1,5304
rabin_karp,100000,best,15,2,5173
rabin_karp,100000,best,15,3,4920
rabin_karp,100000,best,15,4,4905
rabin_karp,100000,best,15,5,4759
rabin_karp,100000,best,15,6,4752
rabin_karp,100000,best,15,7,4844
rabin_karp,100000,best,15,8,4772
rabin_karp,100000,best,15,9,4925
rabin_karp,100000,best,15,10,4962
rabin_karp,100000,best,15,11,4777
rabin_karp,100000,best,15,12,4789
rabin_karp,100000,best,15,13,4752
rabin_karp,100000,best,15,14,4771
rabin_karp,100000,best,15,15,4789
rabin_karp,100000,best,15,16,4746
rabin_karp,100000,best,15,17,4871
rabin_karp,100000,best,15,18,4802
rabin_karp,100000,best,15,19,4869
rabin_karp,100000,best,15,20,4953
rabin_karp,100000,best,15,21,8038
rabin_karp,100000,best,15,22,7014
rabin_karp,100000,best,15,23,7354
rabin_karp,100000,best,15,24,7338
rabin_karp,100000,best,15,25,7735
rabin_karp,100000,best,15,26,8741
rabin_karp,100000,best,15,27,9127
rabin_karp,100000,best,15,28,8499
rabin_karp,100000,best,15,29,7246
rabin_karp,100000,best,15,30,5766
rabin_karp,100000,worst,15,1,452846301
rabin_karp,100000,worst,15,2,396154285
rabin_karp,100000,worst,15,3,227733282
rabin_karp,100000,worst,15,4,838713870
rabin_karp,100000,worst,15,5,351440016
rabin_karp,100000,worst,15,6,448880767
rabin_karp,100000,worst,15,7,340988904
rabin_karp,100000,worst,15,8,538124787
rabin_karp,100000,worst,15,9,218117075
rabin_karp,100000,worst,15,10,536404385
rabin_karp,100000,worst,15,11,538219530
rabin_karp,100000,worst,15,12,417357720
rabin_karp,100000,worst,15,13,156612601
rabin_karp,100000,worst,15,14,415759929
rabin_karp,100000,worst,15,15,374892071
rabin_karp,100000,worst,15,16,287422248
rabin_karp,100000,worst,15,17,497154545
rabin_karp,100000,worst,15,18,482709014
rabin_karp,100000,worst,15,19,621500108
rabin_karp,100000,worst,15,20,637103814
rabin_karp,100000,worst,15,21,413798837
rabin_karp,100000,worst,15,22,430165698
rabin_karp,100000,worst,15,23,365990117
rabin_karp,100000,worst,15,24,737044093
rabin_karp,100000,worst,15,25,838662582
rabin_karp,100000,worst,15,26,118267757
rabin_karp,100000,worst,15,27,221022234
rabin_karp,100000,worst,15,28,713567804
rabin_karp,100000,worst,15,29,709714814
rabin_karp,100000,worst,15,30,228325958
rabin_karp,100000,random,15,1,393736061
rabin_karp,100000,random,15,2,366651838
rabin_karp,100000,random,15,3,166903885
rabin_karp,100000,random,15,4,453852618
rabin_karp,100000,random,15,5,594823668
rabin_karp,100000,random,15,6,370822935
rabin_karp,100000,random,15,7,313205162
rabin_karp,100000,random,15,8,155948200
rabin_karp,100000,random,15,9,156096820
rabin_karp,100000,random,15,10,349981564
rabin_karp,100000,random,15,11,310645441
rabin_karp,100000,random,15,12,532484153
rabin_karp,100000,random,15,13,93561759
rabin_karp,100000,random,15,14,171277416
rabin_karp,100000,random,15,15,502988785
rabin_karp,100000,random,15,16,513800980
rabin_karp,100000,random,15,17,333574705
rabin_karp,100000,random,15,18,144767635
rabin_karp,100000,random,15,19,151309423
rabin_karp,100000,random,15,20,743502519
rabin_karp,100000,random,15,21,243798252
rabin_karp,100000,random,15,22,1161867122
rabin_karp,100000,random,15,23,676867169
rabin_karp,100000,random,15,24,82371355
rabin_karp,100000,random,15,25,147609648
rabin_karp,100000,random,15,26,550799700
rabin_karp,100000,random,15,27,133513372
rabin_karp,100000,random,15,28,272648962
rabin_karp,100000,random,15,29,713545015
rabin_karp,100000,random,15,30,342056786
rabin_karp,1000000,best,15,1,7175
rabin_karp,1000000,best,15,2,4997
rabin_karp,1000000,best,15,3,4764
rabin_karp,1000000,best,15,4,4645
rabin_karp,1000000,best,15,5,4553
rabin_karp,1000000,best,15,6,4631
rabin_karp,1000000,best,15,7,4582
rabin_karp,1000000,best,15,8,4612
rabin_karp,1000000,best,15,9,4633
rabin_karp,1000000,best,15,10,4593
rabin_karp,1000000,best,15,11,4599
rabin_karp,1000000,best,15,12,4620
rabin_karp,1000000,best,15,13,4650
rabin_karp,1000000,best,15,14,4691
rabin_karp,1000000,best,15,15,4622
rabin_karp,1000000,best,15,16,4662
rabin_karp,1000000,best,15,17,4671
rabin_karp,1000000,best,15,18,4598
rabin_karp,1000000,best,15,19,4623
rabin_karp,1000000,best,15,20,4627
rabin_karp,1000000,best,15,21,4657
rabin_karp,1000000,best,15,22,4581
rabin_karp,1000000,best,15,23,4651
rabin_karp,1000000,best,15,24,4634
rabin_karp,1000000,best,15,25,5072
rabin_karp,1000000,best,15,26,8347
rabin_karp,1000000,best,15,27,8014
rabin_karp,1000000,best,15,28,8975
rabin_karp,1000000,best,15,29,8632
rabin_karp,1000000,best,15,30,8071
rabin_karp,1000000,worst,15,1,3503515030
rabin_karp,1000000,worst,15,2,3249546007
rabin_karp,1000000,worst,15,3,3667970477
rabin_karp,1000000,worst,15,4,4626877377
rabin_karp,1000000,worst,15,5,3344424691
rabin_karp,1000000,worst,15,6,4752510304
rabin_karp,1000000,worst,15,7,3223621786
rabin_karp,1000000,worst,15,8,2861877726
rabin_karp,1000000,worst,15,9,3410102219
rabin_karp,1000000,worst,15,10,3220698495
rabin_karp,1000000,worst,15,11,4319059063
rabin_karp,1000000,worst,15,12,3432951148
rabin_karp,1000000,worst,15,13,3190387661
rabin_karp,1000000,worst,15,14,4116473438
rabin_karp,1000000,worst,15,15,4327783063
rabin_karp,1000000,worst,15,16,2961217146
rabin_karp,1000000,worst,15,17,3442551304
rabin_karp,1000000,worst,15,18,5124281027
rabin_karp,1000000,worst,15,19,3849440059
rabin_karp,1000000,worst,15,20,3621681530
rabin_karp,1000000,worst,15,21,3315417660
rabin_karp,1000000,worst,15,22,3833279617
rabin_karp,1000000,worst,15,23,4849274973
rabin_karp,1000000,worst,15,24,3996598459
rabin_karp,1000000,worst,15,25,3736037808
rabin_karp,1000000,worst,15,26,3141484827
rabin_karp,1000000,worst,15,27,4557151058
rabin_karp,1000000,worst,15,28,3285818112
rabin_karp,1000000,worst,15,29,4042838061
rabin_karp,1000000,worst,15,30,3893464710
rabin_karp,1000000,random,15,1,3676900181
rabin_karp,1000000,random,15,2,3143175473
rabin_karp,1000000,random,15,3,3529601117
rabin_karp,1000000,random,15,4,3467435645
rabin_karp,1000000,random,15,5,3039840443
rabin_karp,1000000,random,15,6,2788339201
rabin_karp,1000000,random,15,7,2709572719
rabin_karp,1000000,random,15,8,2790042575
rabin_karp,1000000,random,15,9,4626148600
rabin_karp,1000000,random,15,10,3246809003
rabin_karp,1000000,random,15,11,4103734897
rabin_karp,1000000,random,15,12,4365998347
rabin_karp,1000000,random,15,13,5118899317
rabin_karp,1000000,random,15,14,5084926323
rabin_karp,1000000,random,15,15,4388758165
rabin_karp,1000000,random,15,16,4284807365
rabin_karp,1000000,random,15,17,2669176660
rabin_karp,1000000,random,15,18,3374748257
rabin_karp,1000000,random,15,19,16193796733
rabin_karp,1000000,random,15,20,4703103277
rabin_karp,1000000,random,15,21,3819243163
rabin_karp,1000000,random,15,22,2390101677
rabin_karp,1000000,random,15,23,4467753957
rabin_karp,1000000,random,15,24,3167208189
rabin_karp,1000000,random,15,25,2481901168
rabin_karp,1000000,random,15,26,4156712944
rabin_karp,1000000,random,15,27,3842375383
rabin_karp,1000000,random,15,28,3419050955
rabin_karp,1000000,random,15,29,4987445130
rabin_karp,1000000,random,15,30,5404700957
rabin_karp,10000000,best,15,1,8206
rabin_karp,10000000,best,15,2,7933
rabin_karp,10000000,best,15,3,7364
rabin_karp,10000000,best,15,4,7259
rabin_karp,10000000,best,15,5,7203
rabin_karp,10000000,best,15,6,7391
rabin_karp,10000000,best,15,7,7196
rabin_karp,10000000,best,15,8,7204
rabin_karp,10000000,best,15,9,7182
rabin_karp,10000000,best,15,10,7348
rabin_karp,10000000,best,15,11,7116
rabin_karp,10000000,best,15,12,7231
rabin_karp,10000000,best,15,13,7237
rabin_karp,10000000,best,15,14,7190
rabin_karp,10000000,best,15,15,7276
rabin_karp,10000000,best,15,16,7146
rabin_karp,10000000,best,15,17,7277
rabin_karp,10000000,best,15,18,7376
rabin_karp,10000000,best,15,19,7120
rabin_karp,10000000,best,15,20,7181
rabin_karp,10000000,best,15,21,7254
rabin_karp,10000000,best,15,22,47297
rabin_karp,10000000,best,15,23,8788
rabin_karp,10000000,best,15,24,7768
rabin_karp,10000000,best,15,25,7312
rabin_karp,10000000,best,15,26,7481
rabin_karp,10000000,best,15,27,7215
rabin_karp,10000000,best,15,28,7285
rabin_karp,10000000,best,15,29,7125
rabin_karp,10000000,best,15,30,7545
kmp,100000000,worst,15,1,140757895962
kmp,100000000,worst,15,2,157848233172
kmp,100000000,worst,15,3,137304429149
kmp,100000000,worst,15,4,123805371699
kmp,100000000,worst,15,5,141790333393
kmp,100000000,worst,15,6,122888998791
kmp,100000000,worst,15,7,142759385355
kmp,100000000,worst,15,8,128388536300
kmp,100000000,worst,15,9,132600929431
kmp,100000000,worst,15,10,137120461983
kmp,100000000,worst,15,11,131337431217
kmp,100000000,worst,15,12,128374835172
kmp,100000000,worst,15,13,134171152405
kmp,100000000,worst,15,14,128517681127
kmp,100000000,worst,15,15,139044150137
kmp,100000000,worst,15,16,134504580595
kmp,100000000,worst,15,17,142576121194
kmp,100000000,worst,15,18,132097636213
kmp,100000000,worst,15,19,144902646436
kmp,100000000,worst,15,20,131748950965
kmp,100000000,worst,15,21,138669978787
kmp,100000000,worst,15,22,146552657063
kmp,100000000,worst,15,23,151163973858
kmp,100000000,worst,15,24,139372390098
kmp,100000000,worst,15,25,135291676493
kmp,100000000,worst,15,26,132355687692
kmp,100000000,worst,15,27,147975519241
kmp,100000000,worst,15,28,133785447225
kmp,100000000,worst,15,29,131152423441
kmp,100000000,worst,15,30,138064197994
rabin_karp,10000000,worst,15,1,41252046569
rabin_karp,10000000,worst,15,2,38156485765
rabin_karp,10000000,worst,15,3,40096168756
rabin_karp,10000000,worst,15,4,40157175488
rabin_karp,10000000,worst,15,5,41493608899
rabin_karp,10000000,worst,15,6,38818513331
rabin_karp,10000000,worst,15,7,40322241082
rabin_karp,10000000,worst,15,8,36881631062
rabin_karp,10000000,worst,15,9,38084497979
rabin_karp,10000000,worst,15,10,38907496490
rabin_karp,10000000,worst,15,11,37812484708
rabin_karp,10000000,worst,15,12,39421140629
rabin_karp,10000000,worst,15,13,42426870612
rabin_karp,10000000,worst,15,14,42577920519
rabin_karp,10000000,worst,15,15,37125582679
rabin_karp,10000000,worst,15,16,36705604224
rabin_karp,10000000,worst,15,17,38872679794
rabin_karp,10000000,worst,15,18,40227415638
rabin_karp,10000000,worst,15,19,37815094193
rabin_karp,10000000,worst,15,20,39626040645
rabin_karp,10000000,worst,15,21,37188400254
rabin_karp,10000000,worst,15,22,41161212613
rabin_karp,10000000,worst,15,23,39684586289
rabin_karp,10000000,worst,15,24,37577556771
rabin_karp,10000000,worst,15,25,37461128820
rabin_karp,10000000,worst,15,26,41896717571
rabin_karp,10000000,worst,15,27,40071270037
rabin_karp,10000000,worst,15,28,40941663391
rabin_karp,10000000,worst,15,29,41864921883
rabin_karp,10000000,worst,15,30,34985015358
rabin_karp,100000000,best,15,1,9973
rabin_karp,100000000,best,15,2,9957
rabin_karp,100000000,best,15,3,9164
rabin_karp,100000000,best,15,4,9377
rabin_karp,100000000,best,15,5,9605
rabin_karp,100000000,best,15,6,9378
rabin_karp,100000000,best,15,7,9461
rabin_karp,100000000,best,15,8,9217
rabin_karp,100000000,best,15,9,9167
rabin_karp,100000000,best,15,10,9540
rabin_karp,100000000,best,15,11,8931
rabin_karp,100000000,best,15,12,9481
rabin_karp,100000000,best,15,13,9082
rabin_karp,100000000,best,15,14,9659
rabin_karp,100000000,best,15,15,9451
rabin_karp,100000000,best,15,16,9099
rabin_karp,100000000,best,15,17,9146
rabin_karp,100000000,best,15,18,9481
rabin_karp,100000000,best,15,19,9284
rabin_karp,100000000,best,15,20,8918
rabin_karp,100000000,best,15,21,9228
rabin_karp,100000000,best,15,22,9178
rabin_karp,100000000,best,15,23,9525
rabin_karp,100000000,best,15,24,9284
rabin_karp,100000000,best,15,25,9313
rabin_karp,100000000,best,15,26,9300
rabin_karp,100000000,best,15,27,9363
rabin_karp,100000000,best,15,28,9914
rabin_karp,100000000,best,15,29,9085
rabin_karp,100000000,best,15,30,9777
rabin_karp,10000000,random,15,1,38161892110
rabin_karp,10000000,random,15,2,40457039195
rabin_karp,10000000,random,15,3,37231328518
rabin_karp,10000000,random,15,4,36981638892
rabin_karp,10000000,random,15,5,34859331677
rabin_karp,10000000,random,15,6,35486090482
rabin_karp,10000000,random,15,7,36126613229
rabin_karp,10000000,random,15,8,36197703807
rabin_karp,10000000,random,15,9,35563617099
rabin_karp,10000000,random,15,10,32538010881
rabin_karp,10000000,random,15,11,38335518074
rabin_karp,10000000,random,15,12,34771297444
rabin_karp,10000000,random,15,13,35374380087
rabin_karp,10000000,random,15,14,40309101287
rabin_karp,10000000,random,15,15,34498549091
rabin_karp,10000000,random,15,16,34881858926
rabin_karp,10000000,random,15,17,33839772154
rabin_karp,10000000,random,15,18,36143276090
rabin_karp,10000000,random,15,19,39422490756
rabin_karp,10000000,random,15,20,36211848659
rabin_karp,10000000,random,15,21,35262434306
rabin_karp,10000000,random,15,22,37722016612
rabin_karp,10000000,random,15,23,35838046148
rabin_karp,10000000,random,15,24,36330398131
rabin_karp,10000000,random,15,25,32246616395
rabin_karp,10000000,random,15,26,33470771720
rabin_karp,10000000,random,15,27,36863246264
rabin_karp,10000000,random,15,28,36373222789
rabin_karp,10000000,random,15,29,34241431744
rabin_karp,10000000,random,15,30,33202825032
boyer_moore,500000000,random,15,1,70861805843
boyer_moore,500000000,random,15,2,73936843497
boyer_moore,500000000,random,15,3,72303217075
boyer_moore,500000000,random,15,4,69702440629
boyer_moore,500000000,random,15,5,73004711213
boyer_moore,500000000,random,15,6,68550880677
boyer_moore,500000000,random,15,7,72246296459
boyer_moore,500000000,random,15,8,68230109335
boyer_moore,500000000,random,15,9,65843716827
boyer_moore,500000000,random,15,10,71555181283
boyer_moore,500000000,random,15,11,74340568054
boyer_moore,500000000,random,15,12,71226532321
boyer_moore,500000000,random,15,13,73831805622
boyer_moore,500000000,random,15,14,73396349463
boyer_moore,500000000,random,15,15,68614687392
boyer_moore,500000000,random,15,16,73487018500
boyer_moore,500000000,random,15,17,68197794773
boyer_moore,500000000,random,15,18,65826737439
boyer_moore,500000000,random,15,19,68395712158
boyer_moore,500000000,random,15,20,65244438028
boyer_moore,500000000,random,15,21,67542297973
boyer_moore,500000000,random,15,22,72209463457
boyer_moore,500000000,random,15,23,64588428376
boyer_moore,500000000,random,15,24,71180185581
boyer_moore,500000000,random,15,25,70514288063
boyer_moore,500000000,random,15,26,73514934370
boyer_moore,500000000,random,15,27,74650235656
boyer_moore,500000000,random,15,28,73694935721
boyer_moore,500000000,random,15,29,71396450206
boyer_moore,500000000,random,15,30,74083242055
rabin_karp,500000000,best,15,1,8749
rabin_karp,500000000,best,15,2,60131
rabin_karp,500000000,best,15,3,5037
rabin_karp,500000000,best,15,4,4659
rabin_karp,500000000,best,15,5,4657
rabin_karp,500000000,best,15,6,10418
rabin_karp,500000000,best,15,7,4786
rabin_karp,500000000,best,15,8,5416
rabin_karp,500000000,best,15,9,4971
rabin_karp,500000000,best,15,10,4773
rabin_karp,500000000,best,15,11,4709
rabin_karp,500000000,best,15,12,4747
rabin_karp,500000000,best,15,13,4676
rabin_karp,500000000,best,15,14,4723
rabin_karp,500000000,best,15,15,4687
rabin_karp,500000000,best,15,16,4760
rabin_karp,500000000,best,15,17,4662
rabin_karp,500000000,best,15,18,4934
rabin_karp,500000000,best,15,19,4786
rabin_karp,500000000,best,15,20,4645
rabin_karp,500000000,best,15,21,4897
rabin_karp,500000000,best,15,22,4666
rabin_karp,500000000,best,15,23,4620
rabin_karp,500000000,best,15,24,4626
rabin_karp,500000000,best,15,25,4848
rabin_karp,500000000,best,15,26,4744
rabin_karp,500000000,best,15,27,4650
rabin_karp,500000000,best,15,28,4837
rabin_karp,500000000,best,15,29,4649
rabin_karp,500000000,best,15,30,4703
boyer_moore,500000000,best,15,1,131570218142
boyer_moore,500000000,best,15,2,126157452837
boyer_moore,500000000,best,15,3,132074447533
boyer_moore,500000000,best,15,4,122643458705
boyer_moore,500000000,best,15,5,125393691159
boyer_moore,500000000,best,15,6,128976052481
boyer_moore,500000000,best,15,7,131298963398
boyer_moore,500000000,best,15,8,127136379456
boyer_moore,500000000,best,15,9,123986787435
boyer_moore,500000000,best,15,10,128734341687
boyer_moore,500000000,best,15,11,122532210158
boyer_moore,500000000,best,15,12,127575431297
boyer_moore,500000000,best,15,13,119689724295
boyer_moore,500000000,best,15,14,121071646659
boyer_moore,500000000,best,15,15,114769636620
boyer_moore,500000000,best,15,16,116193735628
boyer_moore,500000000,best,15,17,124241608189
boyer_moore,500000000,best,15,18,126875725338
boyer_moore,500000000,best,15,19,121310891522
boyer_moore,500000000,best,15,20,122795148175
boyer_moore,500000000,best,15,21,128338044077
boyer_moore,500000000,best,15,22,120628404070
boyer_moore,500000000,best,15,23,142202328815
boyer_moore,500000000,best,15,24,130971700929
boyer_moore,500000000,best,15,25,139972118405
boyer_moore,500000000,best,15,26,129716952935
boyer_moore,500000000,best,15,27,136199122176
boyer_moore,500000000,best,15,28,134352934169
boyer_moore,500000000,best,15,29,127009598536
boyer_moore,500000000,best,15,30,128874894004
boyer_moore,500000000,worst,15,1,196831850201
boyer_moore,500000000,worst,15,2,189354013110
boyer_moore,500000000,worst,15,3,196893081093
boyer_moore,500000000,worst,15,4,194263746728
boyer_moore,500000000,worst,15,5,182778886995
boyer_moore,500000000,worst,15,6,196512754282
boyer_moore,500000000,worst,15,7,189624937422
boyer_moore,500000000,worst,15,8,190128245549
boyer_moore,500000000,worst,15,9,181575611814
boyer_moore,500000000,worst,15,10,183757220347
boyer_moore,500000000,worst,15,11,194051630449
boyer_moore,500000000,worst,15,12,199663004106
boyer_moore,500000000,worst,15,13,196428146165
boyer_moore,500000000,worst,15,14,198475018758
boyer_moore,500000000,worst,15,15,213289322603
boyer_moore,500000000,worst,15,16,201026379031
boyer_moore,500000000,worst,15,17,193229696366
boyer_moore,500000000,worst,15,18,197492130424
boyer_moore,500000000,worst,15,19,200916836547
boyer_moore,500000000,worst,15,20,193011533440
boyer_moore,500000000,worst,15,21,206247873657
boyer_moore,500000000,worst,15,22,195080831249
boyer_moore,500000000,worst,15,23,196537706728
boyer_moore,500000000,worst,15,24,197597302714
boyer_moore,500000000,worst,15,25,191325854352
boyer_moore,500000000,worst,15,26,204319516441
boyer_moore,500000000,worst,15,27,193135349768
boyer_moore,500000000,worst,15,28,193018887019
boyer_moore,500000000,worst,15,29,196282899619
boyer_moore,500000000,worst,15,30,196255298404
kmp,500000000,random,15,1,393117077881
kmp,500000000,random,15,2,423540263818
kmp,500000000,random,15,3,427470629960
kmp,500000000,random,15,4,429380614147
kmp,500000000,random,15,5,397177501462
kmp,500000000,random,15,6,421393510436
kmp,500000000,random,15,7,405278420789
kmp,500000000,random,15,8,408009198939
kmp,500000000,random,15,9,394987563401
kmp,500000000,random,15,10,413488704409
kmp,500000000,random,15,11,432098813936
kmp,500000000,random,15,12,448807220981
kmp,500000000,random,15,13,422837269415
kmp,500000000,random,15,14,420913280837
kmp,500000000,random,15,15,415671395424
kmp,500000000,random,15,16,416161737601
kmp,500000000,random,15,17,427544747282
kmp,500000000,random,15,18,420141653695
kmp,500000000,random,15,19,405537696075
kmp,500000000,random,15,20,388441290314
kmp,500000000,random,15,21,349659273507
kmp,500000000,random,15,22,357889965138
kmp,500000000,random,15,23,343838184359
kmp,500000000,random,15,24,345146494395
kmp,500000000,random,15,25,349424121005
kmp,500000000,random,15,26,345755967501
kmp,500000000,random,15,27,329766681465
kmp,500000000,random,15,28,340487742227
kmp,500000000,random,15,29,344644628176
kmp,500000000,random,15,30,349480514807
rabin_karp,100000000,random,15,1,388407163266
rabin_karp,100000000,random,15,2,374536505647
rabin_karp,100000000,random,15,3,388286734269
rabin_karp,100000000,random,15,4,383813599546
rabin_karp,100000000,random,15,5,377591941304
rabin_karp,100000000,random,15,6,366055262233
rabin_karp,100000000,random,15,7,389458357864
rabin_karp,100000000,random,15,8,342993952867
rabin_karp,100000000,random,15,9,350916661109
rabin_karp,100000000,random,15,10,318950407327
rabin_karp,100000000,random,15,11,324408865408
rabin_karp,100000000,random,15,12,318999723575
rabin_karp,100000000,random,15,13,316652245192
rabin_karp,100000000,random,15,14,307561352199
rabin_karp,100000000,random,15,15,316027616055
rabin_karp,100000000,random,15,16,315333512910
rabin_karp,100000000,random,15,17,306018630140
rabin_karp,100000000,random,15,18,306509569860
rabin_karp,100000000,random,15,19,308136472669
rabin_karp,100000000,random,15,20,313783357824
rabin_karp,100000000,random,15,21,268148699624
rabin_karp,100000000,random,15,22,280497277870
rabin_karp,100000000,random,15,23,274084525045
rabin_karp,100000000,random,15,24,267675031766
rabin_karp,100000000,random,15,25,265266521398
rabin_karp,100000000,random,15,26,261675546676
rabin_karp,100000000,random,15,27,262644332408
rabin_karp,100000000,random,15,28,263291544450
rabin_karp,100000000,random,15,29,262539731073
rabin_karp,100000000,random,15,30,255586434163
rabin_karp,100000000,worst,15,1,414209449852
rabin_karp,100000000,worst,15,2,409143485800
rabin_karp,100000000,worst,15,3,406505800010
rabin_karp,100000000,worst,15,4,418931045636
rabin_karp,100000000,worst,15,5,406239956801
rabin_karp,100000000,worst,15,6,397175287076
rabin_karp,100000000,worst,15,7,410130885688
rabin_karp,100000000,worst,15,8,367612846562
rabin_karp,100000000,worst,15,9,359442932559
rabin_karp,100000000,worst,15,10,328012614302
rabin_karp,100000000,worst,15,11,341387448723
rabin_karp,100000000,worst,15,12,345157965315
rabin_karp,100000000,worst,15,13,332581992140
rabin_karp,100000000,worst,15,14,332612552899
rabin_karp,100000000,worst,15,15,320340579558
rabin_karp,100000000,worst,15,16,326439161767
rabin_karp,100000000,worst,15,17,334148130616
rabin_karp,100000000,worst,15,18,345751062305
rabin_karp,100000000,worst,15,19,348513043711
rabin_karp,100000000,worst,15,20,314133044750
rabin_karp,100000000,worst,15,21,283485946965
rabin_karp,100000000,worst,15,22,281649509339
rabin_karp,100000000,worst,15,23,289777735281
rabin_karp,100000000,worst,15,24,287148322554
rabin_karp,100000000,worst,15,25,270164175208
rabin_karp,100000000,worst,15,26,291445584917
rabin_karp,100000000,worst,15,27,282066223470
rabin_karp,100000000,worst,15,28,277326192446
rabin_karp,100000000,worst,15,29,261052970237
rabin_karp,100000000,worst,15,30,231769650688
naive,500000000,worst,15,1,596349085064
naive,500000000,worst,15,2,595340547285
naive,500000000,worst,15,3,614394939282
naive,500000000,worst,15,4,616210491181
naive,500000000,worst,15,5,596751509022
naive,500000000,worst,15,6,577099553654
naive,500000000,worst,15,7,580741801685
naive,500000000,worst,15,8,560095734921
naive,500000000,worst,15,9,606899630544
naive,500000000,worst,15,10,603513689834
naive,500000000,worst,15,11,617279112973
naive,500000000,worst,15,12,580459171919
naive,500000000,worst,15,13,601651961613
naive,500000000,worst,15,14,600003476525
naive,500000000,worst,15,15,542317826323
naive,500000000,worst,15,16,523075416730
naive,500000000,worst,15,17,497675692717
naive,500000000,worst,15,18,492668668910
naive,500000000,worst,15,19,489903037636
naive,500000000,worst,15,20,476308266129
naive,500000000,worst,15,21,482458268892
naive,500000000,worst,15,22,496654647742
naive,500000000,worst,15,23,434088871062
naive,500000000,worst,15,24,434907138581
naive,500000000,worst,15,25,425947314556
naive,500000000,worst,15,26,413336969230
naive,500000000,worst,15,27,427564638518
naive,500000000,worst,15,28,422558129887
naive,500000000,worst,15,29,352553668790
naive,500000000,worst,15,30,289751282693
kmp,500000000,worst,15,1,747142531880
kmp,500000000,worst,15,2,773306433805
kmp,500000000,worst,15,3,729752085080
kmp,500000000,worst,15,4,712704571208
kmp,500000000,worst,15,5,743473886670
kmp,500000000,worst,15,6,755941430386
kmp,500000000,worst,15,7,803282931695
kmp,500000000,worst,15,8,752928346442
kmp,500000000,worst,15,9,770396077990
kmp,500000000,worst,15,10,776522327818
kmp,500000000,worst,15,11,681611727221
kmp,500000000,worst,15,12,649137970040
kmp,500000000,worst,15,13,628652006667
kmp,500000000,worst,15,14,641851213962
kmp,500000000,worst,15,15,629907051079
kmp,500000000,worst,15,16,627709677833
kmp,500000000,worst,15,17,567201597063
kmp,500000000,worst,15,18,556617058065
kmp,500000000,worst,15,19,532944111002
kmp,500000000,worst,15,20,535139564158
kmp,500000000,worst,15,21,536759231442
kmp,500000000,worst,15,22,427511496347
kmp,500000000,worst,15,23,308224209542
kmp,500000000,worst,15,24,282665507235
kmp,500000000,worst,15,25,269427428778
kmp,500000000,worst,15,26,283764719478
kmp,500000000,worst,15,27,298085411088
kmp,500000000,worst,15,28,296347764090
kmp,500000000,worst,15,29,280279621694
kmp,500000000,worst,15,30,274621179344
rabin_karp,500000000,worst,15,1,1652185502408
rabin_karp,500000000,worst,15,2,1433847921468
rabin_karp,500000000,worst,15,3,1312936521472
rabin_karp,500000000,worst,15,4,732759613962
rabin_karp,500000000,worst,15,5,713517324159
rabin_karp,500000000,worst,15,6,707297622379
rabin_karp,500000000,worst,15,7,486768533750
rabin_karp,500000000,worst,15,8,462021952949
rabin_karp,500000000,worst,15,9,462922863042
rabin_karp,500000000,worst,15,10,456107536049
rabin_karp,500000000,worst,15,11,519245703044
rabin_karp,500000000,worst,15,12,487750058087
rabin_karp,500000000,worst,15,13,476214827916
rabin_karp,500000000,worst,15,14,476327827623
rabin_karp,500000000,worst,15,15,459767649186
rabin_karp,500000000,worst,15,16,450183663486
rabin_karp,500000000,worst,15,17,463340467537
rabin_karp,500000000,worst,15,18,462107888044
rabin_karp,500000000,worst,15,19,460725092332
rabin_karp,500000000,worst,15,20,458537113913
rabin_karp,500000000,worst,15,21,454789875355
rabin_karp,500000000,worst,15,22,457120266186
rabin_karp,500000000,worst,15,23,457828644107
rabin_karp,500000000,worst,15,24,457326301120
rabin_karp,500000000,worst,15,25,458394783978
rabin_karp,500000000,worst,15,26,468531685783
rabin_karp,500000000,worst,15,27,471320493860
rabin_karp,500000000,worst,15,28,469227417105
rabin_karp,500000000,worst,15,29,469328980839
rabin_karp,500000000,worst,15,30,468332307285
rabin_karp,500000000,random,15,1,1539483383458
rabin_karp,500000000,random,15,2,1420745265022
rabin_karp,500000000,random,15,3,973850701688
rabin_karp,500000000,random,15,4,717723409516
rabin_karp,500000000,random,15,5,746185052690
rabin_karp,500000000,random,15,6,614928969333
rabin_karp,500000000,random,15,7,479146943512
rabin_karp,500000000,random,15,8,478065844641
rabin_karp,500000000,random,15,9,481386720651
rabin_karp,500000000,random,15,10,521832497722
rabin_karp,500000000,random,15,11,511505859654
rabin_karp,500000000,random,15,12,496361966086
rabin_karp,500000000,random,15,13,498821848169
rabin_karp,500000000,random,15,14,478816043040
rabin_karp,500000000,random,15,15,471526283416
rabin_karp,500000000,random,15,16,483655503061
rabin_karp,500000000,random,15,17,483840434875
rabin_karp,500000000,random,15,18,479217840402
rabin_karp,500000000,random,15,19,477689302247
rabin_karp,500000000,random,15,20,473350881641
rabin_karp,500000000,random,15,21,475581673589
rabin_karp,500000000,random,15,22,478765227516
rabin_karp,500000000,random,15,23,478538974346
rabin_karp,500000000,random,15,24,475981748666
rabin_karp,500000000,random,15,25,492109845350
rabin_karp,500000000,random,15,26,492867908435
rabin_karp,500000000,random,15,27,483625721010
rabin_karp,500000000,random,15,28,491536746475
rabin_karp,500000000,random,15,29,365643764858
rabin_karp,500000000,random,15,30,228994939314
